time,open,high,low,close,volume
2015-06-26,7.74,7.91,7.57,7.83,2378800
2015-06-29,7.74,7.83,7.65,7.65,665860
2015-06-30,7.65,8.17,7.57,8.17,5551630
2015-07-01,8.09,8.17,7.83,8.17,4575390
2015-07-02,8.09,8.17,7.91,8.17,2011140
2015-07-03,8.17,8.7,8.0,8.7,11563270
2015-07-06,8.7,8.96,8.52,8.7,4091220
2015-07-07,8.7,9.3,8.7,9.3,9114150
2015-07-08,9.3,9.91,8.87,9.91,14226570
2015-07-09,9.57,9.91,9.3,9.39,9262830
2015-07-10,9.22,9.39,8.78,8.78,9268800
2015-07-13,8.7,8.87,8.52,8.78,3165420
2015-07-14,8.78,9.13,8.78,8.78,6493740
2015-07-15,8.78,9.04,8.7,8.87,6964590
2015-07-16,8.78,8.87,8.61,8.7,2362880
2015-07-17,8.78,8.87,8.7,8.7,2471100
2015-07-20,8.52,8.61,8.17,8.44,3212890
2015-07-21,8.61,8.7,8.35,8.44,3036560
2015-07-22,8.44,8.52,8.35,8.35,1777600
2015-07-23,8.44,8.52,8.17,8.17,1276880
2015-07-24,8.17,8.26,8.0,8.0,2036890
2015-07-27,8.0,8.17,7.91,8.0,1328760
2015-07-28,8.0,8.09,7.83,7.83,1590610
2015-07-29,7.83,8.17,7.74,8.17,2917380
2015-07-30,8.4,8.7,8.3,8.6,6561070
2015-07-31,8.6,8.7,8.4,8.4,788960
2015-08-03,8.3,8.3,7.9,7.9,3857330
2015-08-04,7.9,8.0,7.7,7.7,970700
2015-08-05,7.8,8.2,7.8,8.2,2941780
2015-08-06,8.3,8.4,8.0,8.0,2953440
2015-08-07,8.0,8.2,8.0,8.0,1674650
2015-08-10,8.0,8.1,7.8,7.8,1137420
2015-08-11,7.9,8.0,7.8,7.8,1263170
2015-08-12,7.8,7.9,7.6,7.6,1475890
2015-08-13,7.6,7.8,7.1,7.1,6072610
2015-08-14,7.2,7.3,6.8,6.9,1491630
2015-08-17,7.0,7.2,6.9,7.0,1413660
2015-08-18,7.1,7.1,6.9,6.9,583260
2015-08-19,6.9,7.0,6.8,6.8,1078720
2015-08-20,6.8,6.9,6.4,6.5,1677870
2015-08-21,6.4,6.5,6.1,6.1,5232800
2015-08-24,5.9,6.0,5.7,5.7,2457560
2015-08-25,5.4,5.8,5.4,5.4,5719380
2015-08-26,5.4,5.7,5.4,5.7,6219490
2015-08-27,5.9,6.0,5.9,6.0,4688920
2015-08-28,6.2,6.4,6.1,6.4,8557540
2015-08-31,6.5,6.5,6.0,6.0,8474360
2015-09-01,6.0,6.2,5.9,6.0,2216920
2015-09-03,6.0,6.1,5.6,5.7,5583940
2015-09-04,5.7,5.9,5.7,5.8,1326290
2015-09-07,5.8,5.9,5.6,5.6,1036590
2015-09-08,5.6,5.9,5.6,5.9,2473730
2015-09-09,6.0,6.2,6.0,6.0,3592370
2015-09-10,6.0,6.1,5.8,5.9,1537930
2015-09-11,5.9,6.1,5.9,5.9,1921650
2015-09-14,5.9,6.0,5.7,5.8,1790930
2015-09-15,5.7,5.9,5.7,5.7,1066990
2015-09-16,5.8,5.9,5.7,5.8,1057110
2015-09-17,5.8,5.9,5.6,5.8,1332990
2015-09-18,5.9,6.0,5.8,5.9,1681080
2015-09-21,5.9,6.0,5.8,5.9,968650
2015-09-22,6.0,6.1,5.9,6.0,3667210
2015-09-23,6.0,6.1,5.9,5.9,894540
2015-09-24,6.0,6.3,6.0,6.1,3420260
2015-09-25,6.1,6.2,5.9,6.1,1237640
2015-09-28,6.0,6.1,5.9,5.9,1418810
2015-09-29,5.8,5.9,5.7,5.8,1740670
2015-09-30,5.8,6.0,5.8,5.8,1014950
2015-10-01,5.9,6.0,5.7,5.8,1373250
2015-10-02,5.7,5.9,5.7,5.8,368330
2015-10-05,5.8,5.9,5.8,5.8,839020
2015-10-06,5.9,6.1,5.9,6.0,2151150
2015-10-07,6.0,6.1,5.9,5.9,2397090
2015-10-08,5.9,6.2,5.9,6.1,3514900
2015-10-09,6.2,6.3,6.1,6.1,2571800
2015-10-12,6.1,6.2,6.0,6.0,1264220
2015-10-13,6.0,6.1,5.9,5.9,1188040
2015-10-14,5.9,6.0,5.9,5.9,1494820
2015-10-15,5.9,6.0,5.8,5.9,812410
2015-10-16,6.0,6.1,5.9,6.0,2113980
2015-10-19,6.0,6.3,6.0,6.1,4193510
2015-10-20,6.2,6.4,6.1,6.2,6037220
2015-10-21,6.2,6.2,6.0,6.0,957370
2015-10-22,6.0,6.2,5.9,6.1,1310710
2015-10-23,6.1,6.3,6.0,6.0,1724080
2015-10-26,6.1,6.2,5.9,6.0,1452060
2015-10-27,6.0,6.1,5.9,5.9,1822960
2015-10-28,5.9,6.1,5.9,5.9,1294380
2015-10-29,5.9,6.1,5.9,6.1,1016120
2015-10-30,6.1,6.3,6.0,6.0,3499620
2015-11-02,6.0,6.2,6.0,6.0,2056970
2015-11-03,6.0,6.1,5.9,6.1,1707160
2015-11-04,6.1,6.2,5.9,6.0,1639920
2015-11-05,6.0,6.0,5.8,5.9,2380600
2015-11-06,6.0,6.0,5.8,5.8,1335380
2015-11-09,5.9,6.1,5.9,5.9,2570550
2015-11-10,6.0,6.1,5.9,5.9,1682520
2015-11-11,5.9,6.0,5.8,5.9,685040
2015-11-12,5.9,6.0,5.8,5.9,1517670
2015-11-13,5.9,6.0,5.8,6.0,2685970
2015-11-16,6.0,6.1,5.9,6.0,3062810
2015-11-17,6.0,6.4,6.0,6.4,10557170
2015-11-18,6.3,6.5,6.2,6.2,3945550
2015-11-19,6.2,6.4,6.2,6.3,2410300
2015-11-20,6.2,6.3,6.1,6.1,3143310
2015-11-23,6.2,6.4,6.2,6.4,3898990
2015-11-24,6.4,6.5,6.2,6.2,2919200
2015-11-25,6.3,6.3,6.1,6.3,1743060
2015-11-26,6.3,6.7,6.2,6.4,7496990
2015-11-27,6.5,6.6,6.3,6.3,3168570
2015-11-30,6.2,6.3,6.0,6.1,2215350
2015-12-01,6.1,6.2,6.0,6.0,2110620
2015-12-02,6.1,6.2,5.9,6.1,2893580
2015-12-03,6.1,6.1,5.9,6.0,1641110
2015-12-04,6.0,6.1,5.9,6.0,967420
2015-12-07,6.0,6.1,5.9,5.9,761280
2015-12-08,5.9,6.0,5.8,5.9,1646700
2015-12-09,6.0,6.0,5.8,5.8,1165420
2015-12-10,5.8,5.9,5.5,5.5,1735550
2015-12-11,5.5,5.8,5.5,5.6,1887120
2015-12-14,5.6,5.7,5.5,5.7,939150
2015-12-15,5.7,5.8,5.6,5.6,1553120
2015-12-16,5.7,5.9,5.6,5.7,1813790
2015-12-17,5.8,5.9,5.7,5.7,579180
2015-12-18,5.8,5.8,5.6,5.6,1412130
2015-12-21,5.5,5.7,5.5,5.5,1005880
2015-12-22,5.5,5.7,5.5,5.5,1115570
2015-12-23,5.5,5.6,5.5,5.6,641040
2015-12-24,5.6,5.7,5.5,5.5,603290
2015-12-25,5.5,5.6,5.4,5.4,676740
2015-12-28,5.4,5.5,5.1,5.1,2609780
2015-12-29,5.1,5.2,4.9,5.2,1370960
2015-12-30,5.2,5.4,5.2,5.2,934000
2015-12-31,5.3,5.3,5.1,5.2,1447180
2016-01-04,5.2,5.3,5.1,5.1,1186890
2016-01-05,5.1,5.2,4.9,5.0,1037170
2016-01-06,5.0,5.2,4.9,5.1,1258690
2016-01-07,5.1,5.1,4.8,4.8,2506620
2016-01-08,4.8,4.8,4.5,4.5,2331480
2016-01-11,4.5,4.7,4.4,4.5,1732010
2016-01-12,4.5,4.8,4.5,4.8,1450080
2016-01-13,4.9,5.0,4.7,4.7,1326540
2016-01-14,4.7,4.8,4.5,4.6,1497440
2016-01-15,4.6,4.7,4.4,4.5,870460
2016-01-18,4.4,4.4,4.2,4.2,1757070
2016-01-19,4.2,4.4,4.2,4.4,1170880
2016-01-20,4.4,4.5,4.3,4.3,1480490
2016-01-21,4.3,4.4,4.1,4.2,2122540
2016-01-22,4.2,4.4,4.2,4.4,2003900
2016-01-25,4.6,4.7,4.6,4.7,973780
2016-01-26,4.6,4.8,4.6,4.7,1026750
2016-01-27,4.8,4.9,4.7,4.8,483590
2016-01-28,4.8,5.1,4.8,5.0,4648250
2016-01-29,5.0,5.2,5.0,5.0,768360
2016-02-01,5.1,5.2,5.0,5.0,613790
2016-02-02,5.0,5.1,4.9,4.9,1061930
2016-02-03,4.8,5.1,4.8,5.0,832750
2016-02-04,5.1,5.1,4.9,5.0,433350
2016-02-05,5.0,5.1,5.0,5.0,759600
2016-02-15,5.0,5.1,4.9,5.0,290530
2016-02-16,5.1,5.2,5.0,5.1,1085220
2016-02-17,5.2,5.3,5.1,5.1,784460
2016-02-18,5.2,5.4,5.1,5.2,1287410
2016-02-19,5.4,5.4,5.2,5.4,2158440
2016-02-22,5.4,5.5,5.2,5.3,1862900
2016-02-23,5.3,5.4,5.1,5.2,1282080
2016-02-24,5.2,5.3,5.1,5.2,1359380
2016-02-25,5.1,5.2,5.0,5.0,1399210
2016-02-26,5.1,5.2,5.1,5.1,844360
2016-02-29,5.1,5.2,5.0,5.1,934060
2016-03-01,5.1,5.2,5.1,5.1,368540
2016-03-02,5.1,5.3,5.1,5.2,1298420
2016-03-03,5.2,5.3,5.1,5.1,744490
2016-03-04,5.1,5.3,5.1,5.1,1238400
2016-03-07,5.2,5.3,5.1,5.2,1206180
2016-03-08,5.2,5.3,5.2,5.2,942150
2016-03-09,5.2,5.3,5.1,5.2,766600
2016-03-10,5.2,5.3,5.1,5.2,906010
2016-03-11,5.2,5.3,5.2,5.2,1011200
2016-03-14,5.3,5.3,5.2,5.2,1026430
2016-03-15,5.2,5.3,5.1,5.1,443470
2016-03-16,5.1,5.4,5.1,5.3,1642790
2016-03-17,5.4,5.5,5.3,5.3,1053430
2016-03-18,5.3,5.4,5.2,5.3,610770
2016-03-21,5.3,5.4,5.2,5.2,960130
2016-03-22,5.2,5.3,5.1,5.1,868840
2016-03-23,5.1,5.4,5.1,5.4,2683840
2016-03-24,5.6,5.7,5.5,5.7,5001850
2016-03-25,5.7,5.8,5.4,5.5,1439780
2016-03-28,5.5,5.6,5.4,5.5,928450
2016-03-29,5.5,5.6,5.4,5.4,1490310
2016-03-30,5.4,5.7,5.3,5.7,5411550
2016-03-31,5.8,6.0,5.7,6.0,9916110
2016-04-01,5.9,6.0,5.6,5.6,1242580
2016-04-04,5.6,5.9,5.6,5.8,5000540
2016-04-05,5.7,6.1,5.7,6.0,12615890
2016-04-06,6.1,6.1,5.6,5.8,5826800
2016-04-07,5.8,5.9,5.6,5.7,1798850
2016-04-08,5.6,6.0,5.6,5.7,9853100
2016-04-11,5.7,5.8,5.6,5.6,3075130
2016-04-12,5.6,5.7,5.5,5.6,1695990
2016-04-13,5.6,5.7,5.3,5.3,6372180
2016-04-14,5.3,5.5,5.3,5.4,2855880
2016-04-15,5.4,5.5,5.2,5.2,2585600
2016-04-19,5.2,5.3,4.9,4.9,6768750
2016-04-20,5.0,5.1,5.0,5.0,2900410
2016-04-21,5.1,5.2,5.1,5.1,946990
2016-04-22,5.1,5.2,5.0,5.1,850210
2016-04-25,5.1,5.3,5.1,5.1,1154360
2016-04-26,5.1,5.3,5.1,5.2,989530
2016-04-27,5.3,5.4,5.0,5.0,1791670
2016-04-28,5.1,5.2,5.0,5.0,837520
2016-04-29,5.0,5.1,5.0,5.1,570020
2016-05-04,5.1,5.1,4.9,5.0,1518060
2016-05-05,5.0,5.1,4.9,4.9,676700
2016-05-06,4.9,5.0,4.9,4.9,511360
2016-05-09,4.9,5.0,4.8,4.9,826760
2016-05-10,4.9,4.9,4.8,4.8,729120
2016-05-11,4.8,5.0,4.8,4.9,405470
2016-05-12,4.9,5.0,4.9,4.9,472010
2016-05-13,4.9,5.0,4.8,4.9,836140
2016-05-16,4.9,5.0,4.8,4.9,762780
2016-05-17,5.0,5.0,4.9,4.9,291920
2016-05-18,4.9,5.1,4.9,5.0,567480
2016-05-19,5.1,5.1,4.9,5.0,870280
2016-05-20,5.0,5.1,5.0,5.0,423800
2016-05-23,5.0,5.0,4.9,4.9,341480
2016-05-24,5.0,5.0,4.9,4.9,329510
2016-05-25,5.0,5.0,4.9,4.9,351180
2016-05-26,4.9,5.0,4.9,4.9,256780
2016-05-27,5.0,5.0,4.9,5.0,312450
2016-05-30,5.0,5.1,4.9,5.0,616150
2016-05-31,5.0,5.1,4.9,5.0,636890
2016-06-01,5.0,5.1,4.9,5.0,303160
2016-06-02,5.0,5.1,5.0,5.1,508820
2016-06-03,5.1,5.2,5.0,5.1,708890
2016-06-06,5.1,5.2,5.0,5.0,210830
2016-06-07,5.0,5.2,5.0,5.1,368930
2016-06-08,5.1,5.2,5.1,5.1,733820
2016-06-09,5.1,5.2,5.1,5.2,675800
2016-06-10,5.2,5.3,5.1,5.2,911870
2016-06-13,5.2,5.3,5.1,5.2,921900
2016-06-14,5.2,5.3,5.1,5.1,594080
2016-06-15,5.1,5.2,5.0,5.0,534590
2016-06-16,5.1,5.2,5.0,5.1,358050
2016-06-17,5.0,5.2,5.0,5.0,253540
2016-06-20,5.0,5.1,4.9,4.9,476010
2016-06-21,4.9,5.1,4.9,5.0,613700
2016-06-22,5.0,5.1,4.9,4.9,258990
2016-06-23,4.9,5.0,4.9,4.9,339830
2016-06-24,4.9,5.0,4.6,4.7,1466200
2016-06-27,4.8,4.8,4.4,4.5,1055810
2016-06-28,4.6,4.7,4.5,4.6,270810
2016-06-29,4.6,4.8,4.6,4.7,813940
2016-06-30,4.7,4.8,4.6,4.6,255650
2016-07-01,4.7,4.7,4.5,4.6,1540840
2016-07-04,4.5,4.7,4.5,4.6,399590
2016-07-05,4.6,4.7,4.5,4.6,631210
2016-07-06,4.6,4.7,4.5,4.5,429690
2016-07-07,4.6,4.7,4.5,4.7,627570
2016-07-08,4.7,4.7,4.5,4.6,610670
2016-07-11,4.6,4.7,4.5,4.5,691040
2016-07-12,4.5,4.6,4.4,4.4,987920
2016-07-13,4.4,4.6,4.4,4.5,378880
2016-07-14,4.5,4.7,4.5,4.5,549260
2016-07-15,4.5,4.6,4.5,4.6,340530
2016-07-18,4.6,4.8,4.6,4.7,867950
2016-07-19,4.7,4.8,4.6,4.7,477390
2016-07-20,4.7,4.7,4.6,4.6,117300
2016-07-21,4.6,4.7,4.5,4.6,315560
2016-07-22,4.6,4.7,4.5,4.6,324240
2016-07-25,4.6,4.7,4.5,4.6,231860
2016-07-26,4.6,4.7,4.5,4.5,245380
2016-07-27,4.5,4.6,4.5,4.6,259620
2016-07-28,4.6,4.6,4.5,4.5,548090
2016-07-29,4.5,4.5,4.4,4.4,105270
2016-08-01,4.5,4.6,4.5,4.5,502390
2016-08-02,4.5,4.5,4.4,4.5,625950
2016-08-03,4.4,4.5,4.3,4.5,599470
2016-08-04,4.5,4.5,4.4,4.4,326400
2016-08-05,4.4,4.5,4.2,4.2,498500
2016-08-08,4.2,4.4,4.2,4.3,333860
2016-08-09,4.3,4.4,4.3,4.3,283190
2016-08-10,4.3,4.4,4.3,4.4,607380
2016-08-11,4.4,4.5,4.3,4.4,267020
2016-08-12,4.4,4.5,4.3,4.4,553250
2016-08-15,4.4,4.5,4.3,4.4,253220
2016-08-16,4.5,4.5,4.3,4.3,657890
2016-08-17,4.3,4.4,4.2,4.3,332530
2016-08-18,4.3,4.4,4.2,4.2,482200
2016-08-19,4.2,4.4,4.2,4.3,537590
2016-08-22,4.4,4.4,4.2,4.2,574790
2016-08-23,4.2,4.3,4.2,4.2,188570
2016-08-24,4.2,4.4,4.2,4.3,644080
2016-08-25,4.3,4.4,4.3,4.3,110850
2016-08-26,4.4,4.4,4.3,4.4,152810
2016-08-29,4.3,4.4,4.2,4.3,403290
2016-08-30,4.2,4.3,4.2,4.2,247820
2016-08-31,4.2,4.3,4.2,4.2,499890
2016-09-01,4.2,4.3,4.1,4.2,284150
2016-09-05,4.2,4.2,4.0,4.1,392610
2016-09-06,4.1,4.2,4.0,4.1,127870
2016-09-07,4.2,4.2,4.0,4.1,246720
2016-09-08,4.2,4.2,4.0,4.1,249550
2016-09-09,4.1,4.2,4.0,4.1,504950
2016-09-12,4.0,4.1,4.0,4.05,139960
2016-09-13,4.05,4.09,3.99,4.0,341070
2016-09-14,4.0,4.0,3.85,3.85,330560
2016-09-15,3.85,3.85,3.59,3.65,860560
2016-09-16,3.62,3.64,3.41,3.41,745500
2016-09-19,3.41,3.6,3.21,3.6,548290
2016-09-20,3.65,3.8,3.65,3.75,239130
2016-09-21,3.79,3.9,3.75,3.88,285560
2016-09-22,3.88,3.92,3.88,3.9,519540
2016-09-23,3.88,3.91,3.86,3.88,225320
2016-09-26,3.88,3.92,3.88,3.89,386730
2016-09-27,3.89,3.9,3.84,3.84,534940
2016-09-28,3.85,3.85,3.8,3.8,393640
2016-09-29,3.84,3.85,3.79,3.8,541900
2016-09-30,3.85,3.85,3.76,3.76,522100
2016-10-03,3.77,3.84,3.77,3.8,148600
2016-10-04,3.82,3.82,3.77,3.77,252970
2016-10-05,3.77,3.81,3.75,3.77,370580
2016-10-06,3.77,4.0,3.77,3.97,373540
2016-10-07,3.97,3.97,3.92,3.94,234640
2016-10-10,3.9,3.95,3.9,3.91,283940
2016-10-11,3.91,3.93,3.85,3.9,316510
2016-10-12,3.92,3.93,3.86,3.9,562510
2016-10-13,3.9,4.17,3.9,4.17,2142690
2016-10-14,4.2,4.39,4.17,4.2,700800
2016-10-17,4.2,4.28,4.17,4.18,190840
2016-10-18,4.02,4.17,4.02,4.06,630060
2016-10-19,4.02,4.09,3.95,3.98,621050
2016-10-20,3.98,4.05,3.98,4.02,515130
2016-10-21,4.03,4.05,3.98,4.02,151330
2016-10-24,3.97,4.02,3.96,3.98,122270
2016-10-25,4.01,4.01,3.96,3.97,65610
2016-10-26,3.96,4.09,3.96,4.0,308920
2016-10-27,3.99,4.05,3.95,3.97,255010
2016-10-28,4.02,4.2,3.94,4.14,386590
2016-10-31,4.14,4.14,3.98,3.98,366270
2016-11-01,3.98,4.04,3.97,4.04,406300
2016-11-02,4.0,4.02,3.98,3.98,143770
2016-11-03,3.98,3.98,3.93,3.96,184820
2016-11-04,3.97,3.99,3.9,3.9,240140
2016-11-07,3.9,3.94,3.88,3.88,288830
2016-11-08,3.88,3.9,3.84,3.84,314610
2016-11-09,3.83,3.87,3.64,3.76,389550
2016-11-10,3.79,3.89,3.78,3.86,386230
2016-11-11,3.82,3.87,3.8,3.82,258410
2016-11-14,3.82,3.82,3.79,3.79,222220
2016-11-15,3.79,3.86,3.78,3.8,171190
2016-11-16,3.8,3.81,3.76,3.78,216470
2016-11-17,3.8,3.82,3.77,3.77,312280
2016-11-18,3.77,3.8,3.76,3.76,126550
2016-11-21,3.75,3.78,3.75,3.76,124400
2016-11-22,3.76,3.81,3.75,3.76,149360
2016-11-23,3.81,3.92,3.8,3.82,582210
2016-11-24,3.85,3.88,3.81,3.81,111420
2016-11-25,3.81,3.84,3.79,3.79,119420
2016-11-28,3.79,3.85,3.79,3.79,246710
2016-11-29,3.79,3.87,3.79,3.87,509270
2016-11-30,3.87,4.01,3.87,3.95,572460
2016-12-01,3.95,4.22,3.95,4.22,2137030
2016-12-02,4.51,4.51,4.38,4.48,4151770
2016-12-05,4.5,4.7,4.31,4.35,1538480
2016-12-06,4.15,4.16,4.05,4.05,886840
2016-12-07,3.77,3.94,3.77,3.8,2003910
2016-12-08,3.85,3.92,3.82,3.88,507700
2016-12-09,3.89,3.89,3.76,3.76,529770
2016-12-12,3.76,3.78,3.62,3.63,882300
2016-12-13,3.51,3.58,3.38,3.38,1196670
2016-12-14,3.33,3.61,3.33,3.61,560430
2016-12-15,3.6,3.6,3.36,3.44,1311190
2016-12-16,3.43,3.46,3.39,3.44,238650
2016-12-19,3.43,3.48,3.43,3.44,304990
2016-12-20,3.47,3.47,3.38,3.38,199000
2016-12-21,3.38,3.47,3.37,3.37,349990
2016-12-22,3.4,3.42,3.36,3.37,146900
2016-12-23,3.44,3.44,3.3,3.37,59370
2016-12-26,3.37,3.4,3.36,3.36,191900
2016-12-27,3.36,3.4,3.35,3.38,85130
2016-12-28,3.38,3.48,3.36,3.4,224220
2016-12-29,3.4,3.44,3.36,3.36,173790
2016-12-30,3.36,3.4,3.36,3.37,173310
2017-01-03,3.37,3.4,3.37,3.38,199780
2017-01-04,3.38,3.45,3.38,3.39,152960
2017-01-05,3.41,3.42,3.39,3.41,71950
2017-01-06,3.41,3.41,3.36,3.38,356650
2017-01-09,3.37,3.39,3.36,3.36,351670
2017-01-10,3.39,3.39,3.35,3.39,82460
2017-01-11,3.39,3.39,3.36,3.36,59660
2017-01-12,3.36,3.4,3.35,3.37,114790
2017-01-13,3.38,3.38,3.32,3.35,162060
2017-01-16,3.38,3.38,3.3,3.34,212300
2017-01-17,3.36,3.36,3.31,3.33,118850
2017-01-18,3.3,3.33,3.24,3.24,264160
2017-01-19,3.24,3.31,3.12,3.12,145630
2017-01-20,3.14,3.16,3.13,3.15,130820
2017-01-23,3.17,3.2,3.16,3.17,240920
2017-01-24,3.17,3.28,3.16,3.28,218830
2017-01-25,3.24,3.3,3.24,3.3,88620
2017-02-02,3.24,3.34,3.24,3.33,83060
2017-02-03,3.33,3.42,3.31,3.42,218560
2017-02-06,3.42,3.45,3.41,3.43,205380
2017-02-07,3.43,3.45,3.42,3.43,453010
2017-02-08,3.43,3.44,3.38,3.38,258980
2017-02-09,3.38,3.42,3.35,3.38,163220
2017-02-10,3.41,3.41,3.36,3.38,87790
2017-02-13,3.41,3.45,3.38,3.44,370960
2017-02-14,3.44,3.48,3.41,3.41,277070
2017-02-15,3.44,3.47,3.41,3.44,307030
2017-02-16,3.44,3.5,3.43,3.44,463110
2017-02-17,3.46,3.57,3.42,3.55,530450
2017-02-20,3.56,3.64,3.55,3.6,515050
2017-02-21,3.6,3.67,3.6,3.66,782790
2017-02-22,3.67,3.7,3.62,3.63,455070
2017-02-23,3.65,3.65,3.58,3.6,372330
2017-02-24,3.6,3.8,3.6,3.78,1521530
2017-02-27,3.78,3.87,3.72,3.85,768140
2017-02-28,3.85,4.11,3.85,4.08,2083170
2017-03-01,4.09,4.29,4.0,4.02,1210360
2017-03-02,4.03,4.12,3.87,3.93,788200
2017-03-03,3.86,3.9,3.78,3.82,869820
2017-03-06,3.83,4.08,3.82,4.08,2324730
2017-03-07,4.1,4.21,4.05,4.09,1826130
2017-03-08,4.09,4.14,3.91,3.91,905150
2017-03-09,3.95,4.08,3.92,3.97,1422950
2017-03-10,3.97,4.04,3.9,3.94,548970
2017-03-13,3.94,3.94,3.87,3.87,578110
2017-03-14,3.83,3.92,3.83,3.86,654240
2017-03-15,3.86,3.89,3.85,3.85,402740
2017-03-16,3.85,3.87,3.83,3.84,217590
2017-03-17,3.86,3.86,3.82,3.85,286870
2017-03-20,3.86,3.89,3.83,3.83,830180
2017-03-21,3.83,3.86,3.82,3.83,767170
2017-03-22,3.87,3.88,3.82,3.82,567290
2017-03-23,3.8,3.85,3.79,3.8,339230
2017-03-24,3.8,3.82,3.74,3.78,763800
2017-03-27,3.76,3.8,3.52,3.7,1156480
2017-03-28,3.65,3.83,3.65,3.78,323090
2017-03-29,3.78,3.84,3.78,3.83,197680
2017-03-30,3.85,3.85,3.78,3.83,307780
2017-03-31,3.8,3.84,3.77,3.77,347290
2017-04-03,3.8,3.82,3.75,3.78,420320
2017-04-04,3.8,3.8,3.77,3.77,180760
2017-04-05,3.78,3.8,3.76,3.77,133260
2017-04-07,3.76,3.78,3.74,3.76,407410
2017-04-10,3.79,3.79,3.73,3.75,187740
2017-04-11,3.75,3.75,3.57,3.61,432330
2017-04-12,3.61,3.66,3.56,3.6,411320
2017-04-13,3.6,3.61,3.57,3.59,216200
2017-04-14,3.59,3.59,3.51,3.56,403720
2017-04-17,3.53,3.58,3.52,3.53,218130
2017-04-18,3.5,3.53,3.46,3.49,299750
2017-04-19,3.47,3.52,3.47,3.49,241050
2017-04-20,3.52,3.52,3.47,3.52,85760
2017-04-21,3.52,3.55,3.5,3.53,304020
2017-04-24,3.51,3.64,3.51,3.6,202000
2017-04-25,3.6,3.66,3.6,3.62,264410
2017-04-26,3.65,3.65,3.6,3.63,85140
2017-04-27,3.6,3.63,3.6,3.6,200310
2017-04-28,3.58,3.61,3.55,3.57,99360
2017-05-03,3.54,3.65,3.54,3.6,218160
2017-05-04,3.6,3.72,3.6,3.7,359240
2017-05-05,3.71,3.76,3.7,3.75,370260
2017-05-08,3.76,3.79,3.74,3.78,393220
2017-05-09,3.8,4.04,3.79,3.96,2456070
2017-05-10,3.98,3.99,3.81,3.81,680130
2017-05-11,3.81,3.87,3.78,3.81,369550
2017-05-12,3.78,3.81,3.75,3.75,510290
2017-05-15,3.75,4.01,3.75,4.01,2366190
2017-05-16,4.2,4.2,3.9,3.9,1214920
2017-05-17,3.9,3.96,3.87,3.89,590120
2017-05-18,3.89,3.92,3.83,3.83,457820
2017-05-19,3.83,3.89,3.82,3.88,449750
2017-05-22,3.88,3.93,3.81,3.81,599020
2017-05-23,3.82,3.87,3.73,3.74,574330
2017-05-24,3.74,3.84,3.74,3.77,436850
2017-05-25,3.79,3.83,3.76,3.78,422030
2017-05-26,3.8,3.87,3.78,3.85,606850
2017-05-29,3.86,4.05,3.83,3.94,974770
2017-05-30,3.95,3.98,3.85,3.87,308550
2017-05-31,3.87,3.95,3.83,3.87,414470
2017-06-01,3.87,3.9,3.83,3.85,482380
2017-06-02,3.86,3.86,3.81,3.83,330340
2017-06-05,3.83,3.88,3.83,3.85,143150
2017-06-06,3.86,4.0,3.85,3.92,582170
2017-06-07,3.92,3.95,3.89,3.89,617930
2017-06-08,3.9,3.9,3.85,3.87,224300
2017-06-09,3.84,3.88,3.82,3.82,284680
2017-06-12,3.82,3.87,3.8,3.83,644480
2017-06-13,3.83,3.85,3.81,3.84,103100
2017-06-14,3.82,3.84,3.77,3.81,821750
2017-06-15,3.77,3.8,3.76,3.79,512500
2017-06-16,3.76,3.8,3.76,3.79,97550
2017-06-19,3.79,3.87,3.76,3.8,198390
2017-06-20,3.8,3.85,3.77,3.79,384570
2017-06-21,3.82,3.82,3.76,3.77,254840
2017-06-22,3.79,3.83,3.77,3.78,127140
2017-06-23,3.75,3.8,3.75,3.78,265340
2017-06-26,3.8,3.83,3.76,3.81,607510
2017-06-27,3.87,4.07,3.84,3.92,4195120
2017-06-28,3.98,4.19,3.93,4.13,6383070
2017-06-29,4.1,4.22,4.05,4.07,819730
2017-06-30,4.07,4.15,4.04,4.07,1009310
2017-07-03,4.2,4.35,4.07,4.34,6715860
2017-07-04,4.5,4.64,4.3,4.5,8462250
2017-07-05,4.5,4.81,4.5,4.81,6527070
2017-07-06,5.0,5.14,4.92,5.14,9623480
2017-07-07,5.24,5.49,5.2,5.2,12851320
2017-07-10,5.2,5.56,5.2,5.56,5731790
2017-07-11,5.81,5.94,5.62,5.94,5045070
2017-07-12,6.35,6.35,6.3,6.35,3294990
2017-07-13,6.79,6.79,5.91,6.79,7294190
2017-07-14,7.2,7.26,6.81,7.26,4673550
2017-07-17,7.75,7.76,6.77,7.76,4808650
2017-07-18,8.27,8.3,8.0,8.3,3934770
2017-07-19,8.88,8.88,8.8,8.88,2192910
2017-07-20,9.5,9.5,9.4,9.5,5913980
2017-07-21,10.0,10.15,9.51,10.15,3853320
2017-07-24,10.85,10.85,10.2,10.85,3424640
2017-07-25,11.6,11.6,10.1,11.6,11793600
2017-07-26,12.0,12.4,11.7,12.4,4090010
2017-07-27,13.2,13.25,12.9,13.25,4050900
2017-07-28,14.0,14.15,12.4,14.15,8154230
2017-07-31,15.0,15.1,15.0,15.1,1279060
2017-08-01,16.15,16.15,16.15,16.15,1074350
2017-08-02,17.25,17.25,17.25,17.25,498260
2017-08-03,18.45,18.45,18.45,18.45,106390
2017-08-04,19.7,19.7,18.45,19.7,5812170
2017-08-07,21.05,21.05,19.7,21.05,3752170
2017-08-08,22.4,22.5,22.3,22.5,4299140
2017-08-09,23.8,24.05,20.95,20.95,11348260
2017-08-10,19.5,19.9,19.5,19.5,8974430
2017-08-11,18.15,18.15,18.15,18.15,24250
2017-08-14,16.9,16.9,16.9,16.9,42510
2017-08-15,15.75,16.2,15.75,15.75,9106310
2017-08-16,14.65,14.65,14.65,14.65,5386460
2017-08-17,13.65,13.65,13.65,13.65,48680
2017-08-18,12.7,14.6,12.7,14.6,23354090
2017-08-21,15.4,15.6,13.6,15.6,9861660
2017-08-22,15.6,15.6,14.55,14.55,5170990
2017-08-23,13.55,13.7,13.55,13.55,9821870
2017-08-24,12.65,13.2,12.65,12.65,7994660
2017-08-25,11.8,13.5,11.8,13.5,18231570
2017-08-28,14.0,14.0,12.6,12.6,5568650
2017-08-29,11.75,12.25,11.75,11.75,7238410
2017-08-30,10.95,11.75,10.95,11.0,11272030
2017-08-31,11.0,11.7,10.25,10.4,5629510
2017-09-01,10.4,11.1,10.05,11.1,6486200
2017-09-05,10.6,11.1,10.35,10.35,3700550
2017-09-06,10.05,10.55,9.67,10.35,4234600
2017-09-07,10.0,10.35,9.87,9.87,717700
2017-09-08,9.83,10.35,9.65,9.98,1119720
2017-09-11,10.05,10.15,9.8,9.83,1310330
2017-09-12,9.98,10.25,9.8,10.2,5000030
2017-09-13,10.5,10.8,9.99,10.35,4514670
2017-09-14,10.45,10.45,9.99,10.0,4502920
2017-09-15,10.05,10.2,10.0,10.15,2069780
2017-09-18,10.0,10.2,10.0,10.0,2393320
2017-09-19,10.0,10.3,10.0,10.15,2933510
2017-09-20,10.25,10.25,9.99,10.2,3192910
2017-09-21,10.25,10.3,9.99,10.2,4228100
2017-09-22,10.0,10.2,9.99,10.2,3668390
2017-09-25,10.1,10.2,9.99,10.0,2985460
2017-09-26,10.0,10.2,9.3,10.15,7842470
2017-09-27,9.81,10.1,9.45,9.45,975860
2017-09-28,9.55,9.55,8.79,8.79,2869010
2017-09-29,8.79,8.79,8.18,8.18,3057350
2017-10-02,7.62,8.1,7.61,7.61,3230300
2017-10-03,7.41,7.45,7.08,7.08,2412210
2017-10-04,7.0,7.57,6.88,7.57,3034490
2017-10-05,8.09,8.09,8.0,8.09,2298460
2017-10-06,8.64,8.65,8.4,8.65,3421550
2017-10-09,9.0,9.25,8.1,9.25,8004340
2017-10-10,9.3,9.89,8.99,9.89,7222120
2017-10-11,9.89,10.55,9.8,10.55,8179110
2017-10-12,10.6,11.25,10.6,11.25,3375330
2017-10-13,11.8,12.0,10.8,12.0,7001660
2017-10-16,12.5,12.8,11.8,12.8,7761930
2017-10-17,13.4,13.45,11.95,11.95,5929700
2017-10-18,11.15,11.25,11.15,11.15,10074890
2017-10-19,10.4,11.9,10.4,11.9,14714690
2017-10-20,12.4,12.4,11.1,11.1,6630680
2017-10-23,10.35,10.95,10.35,10.35,2927750
2017-10-24,10.2,10.3,9.63,9.63,3885850
2017-10-25,9.4,9.8,8.96,8.96,4740770
2017-10-26,8.96,8.98,8.34,8.45,4413510
2017-10-27,8.5,9.04,8.5,9.04,4924860
2017-10-30,9.67,9.67,9.5,9.67,3885100
2017-10-31,9.67,9.67,9.0,9.0,2092030
2017-11-01,8.37,8.97,8.37,8.37,4813900
2017-11-02,8.37,8.59,7.79,7.79,7596600
2017-11-03,7.55,8.1,7.25,7.47,6125380
2017-11-06,7.5,7.99,7.5,7.99,3555680
2017-11-07,8.5,8.54,7.44,7.5,7716310
2017-11-08,7.6,7.76,7.3,7.45,3758010
2017-11-09,7.45,7.6,7.2,7.45,5719170
2017-11-10,7.45,7.97,7.2,7.97,4265360
2017-11-13,7.6,7.9,7.42,7.42,4771280
2017-11-14,7.3,7.56,7.15,7.3,4211070
2017-11-15,7.3,7.45,7.25,7.33,2222400
2017-11-16,7.33,7.49,7.28,7.4,1912620
2017-11-17,7.5,7.65,7.4,7.44,2370430
2017-11-20,7.44,7.5,7.39,7.4,1604050
2017-11-21,7.4,7.41,7.29,7.3,2457160
2017-11-22,7.38,7.45,7.3,7.31,1503040
2017-11-23,7.31,7.47,7.3,7.35,1703820
2017-11-24,7.35,7.47,7.3,7.4,1716730
2017-11-27,7.49,7.91,7.42,7.91,3436500
2017-11-28,8.46,8.46,8.3,8.46,5134860
2017-11-29,8.96,8.96,7.99,7.99,6235100
2017-11-30,7.93,8.15,7.8,7.82,2432110
2017-12-01,7.8,7.85,7.68,7.69,2977150
2017-12-04,7.69,7.89,7.69,7.71,2950030
2017-12-05,7.76,7.76,7.4,7.4,3322230
2017-12-06,7.4,7.91,7.37,7.91,4572220
2017-12-07,8.1,8.44,7.91,8.0,3993960
2017-12-08,8.05,8.06,7.7,7.75,1521170
2017-12-11,7.68,7.72,7.5,7.6,1905230
2017-12-12,7.57,7.72,7.41,7.63,2397780
2017-12-13,7.65,7.7,7.52,7.66,3938960
2017-12-14,7.66,7.72,7.63,7.67,2279400
2017-12-15,7.65,7.75,7.6,7.62,1865570
2017-12-18,7.62,7.7,7.52,7.52,2782670
2017-12-19,7.57,7.58,7.29,7.3,3824420
2017-12-20,7.29,7.4,7.27,7.38,2296790
2017-12-21,7.33,7.39,7.3,7.3,1128650
2017-12-22,7.3,7.81,7.28,7.81,4910110
2017-12-25,7.88,8.23,7.61,7.61,3130670
2017-12-26,7.61,7.71,7.53,7.53,887940
2017-12-27,7.53,7.65,7.39,7.39,2526260
2017-12-28,7.39,7.49,7.36,7.39,1163170
2017-12-29,7.4,7.49,7.35,7.36,1240600
2018-01-02,7.44,7.44,7.32,7.32,1564040
2018-01-03,7.31,7.4,7.21,7.21,2431230
2018-01-04,7.21,7.3,7.21,7.3,1638060
2018-01-05,7.3,7.3,7.2,7.2,1739290
2018-01-08,7.2,7.24,7.06,7.09,2459180
2018-01-09,7.09,7.3,6.8,7.2,3510860
2018-01-10,7.27,7.27,7.05,7.06,1287670
2018-01-11,7.06,7.35,7.05,7.2,1945520
2018-01-12,7.2,7.7,7.2,7.7,6502180
2018-01-15,7.8,8.1,7.36,7.38,4849970
2018-01-16,7.37,7.89,7.3,7.89,6529590
2018-01-17,8.0,8.12,7.6,7.95,24088230
2018-01-18,7.95,7.95,7.4,7.4,10931530
2018-01-19,7.5,7.5,6.89,6.9,12445300
2018-01-22,7.15,7.28,6.71,6.8,4511270
2018-01-23,6.8,6.8,6.8,6.8,0
2018-01-24,6.8,6.8,6.8,6.8,0
2018-01-25,6.8,6.89,6.33,6.33,11775060
2018-01-26,6.45,6.46,6.35,6.35,3083970
2018-01-29,6.4,6.45,6.38,6.38,3645190
2018-01-30,6.44,6.48,6.17,6.3,4963820
2018-01-31,6.31,6.34,6.03,6.03,5842160
2018-02-01,6.03,6.19,5.61,5.61,6976780
2018-02-02,5.6,5.63,5.25,5.53,2129840
2018-02-05,5.52,5.52,5.15,5.15,3140590
2018-02-06,4.79,4.97,4.79,4.79,2610700
2018-02-07,4.94,5.12,4.94,5.12,2894420
2018-02-08,5.3,5.3,4.9,4.9,1947240
2018-02-09,4.61,4.7,4.56,4.61,5964100
2018-02-12,4.7,4.86,4.65,4.86,1782750
2018-02-13,4.92,5.0,4.9,4.92,1300990
2018-02-21,5.0,5.05,4.96,4.99,1137540
2018-02-22,4.98,4.98,4.7,4.72,1588180
2018-02-23,4.8,4.82,4.74,4.79,803290
2018-02-26,4.8,4.85,4.68,4.69,1471570
2018-02-27,4.69,4.8,4.65,4.7,602810
2018-02-28,4.68,4.73,4.57,4.6,1013690
2018-03-01,4.57,4.64,4.5,4.51,1034240
2018-03-02,4.5,4.52,4.48,4.49,1019650
2018-03-05,4.58,4.58,4.49,4.49,973300
2018-03-06,4.49,4.54,4.49,4.51,1260890
2018-03-07,4.51,4.82,4.51,4.82,3098500
2018-03-08,4.91,5.15,4.91,4.99,4534180
2018-03-09,5.0,5.01,4.81,4.81,1289230
2018-03-12,4.85,4.9,4.79,4.8,1301080
2018-03-13,4.7,4.75,4.67,4.69,1584190
2018-03-14,4.7,4.95,4.67,4.84,1489050
2018-03-15,4.85,5.07,4.82,4.88,1760960
2018-03-16,4.9,5.05,4.9,4.96,1736690
2018-03-19,5.0,5.1,4.98,4.98,1762410
2018-03-20,4.95,4.98,4.87,4.87,1405880
2018-03-21,4.86,4.94,4.85,4.86,1250300
2018-03-22,4.86,4.9,4.81,4.81,1138820
2018-03-23,4.71,4.71,4.56,4.63,2519320
2018-03-26,4.59,4.68,4.58,4.6,1005120
2018-03-27,4.7,4.8,4.66,4.67,1874810
2018-03-28,4.7,4.76,4.65,4.65,1441540
2018-03-29,4.61,4.69,4.57,4.59,808590
2018-03-30,4.58,4.6,4.53,4.53,704680
2018-04-02,4.6,4.6,4.48,4.48,1033230
2018-04-03,4.45,4.46,4.25,4.34,1572120
2018-04-04,4.34,4.38,4.29,4.3,985760
2018-04-05,4.34,4.37,4.28,4.33,1384720
2018-04-06,4.32,4.42,4.32,4.34,1023880
2018-04-09,4.34,4.36,4.27,4.28,643000
2018-04-10,4.3,4.31,4.09,4.09,1702850
2018-04-11,4.14,4.14,3.85,3.89,1579130
2018-04-12,3.81,3.86,3.78,3.79,1156550
2018-04-13,3.79,3.84,3.77,3.79,851740
2018-04-16,3.79,3.82,3.7,3.73,1021310
2018-04-17,3.75,3.77,3.72,3.73,663420
2018-04-18,3.75,3.99,3.72,3.99,2528270
2018-04-19,4.01,4.2,3.91,3.96,1849500
2018-04-20,3.96,3.98,3.85,3.91,867470
2018-04-23,3.85,3.89,3.72,3.72,943060
2018-04-24,3.66,3.71,3.57,3.62,1350240
2018-04-26,3.62,3.64,3.41,3.45,1042220
2018-04-27,3.45,3.61,3.45,3.52,663200
2018-05-02,3.5,3.59,3.4,3.4,987690
2018-05-03,3.37,3.42,3.35,3.36,638400
2018-05-04,3.4,3.43,3.39,3.39,668950
2018-05-07,3.4,3.49,3.4,3.47,659450
2018-05-08,3.47,3.71,3.47,3.71,2036010
2018-05-09,3.72,3.96,3.71,3.96,3937300
2018-05-10,3.96,4.2,3.89,3.91,1985460
2018-05-11,3.81,3.91,3.78,3.82,1580380
2018-05-14,3.91,4.08,3.86,3.91,1892350
2018-05-15,3.99,4.02,3.91,3.97,922640
2018-05-16,3.89,3.97,3.75,3.8,1457730
2018-05-17,3.78,3.84,3.75,3.75,833250
2018-05-18,3.75,3.81,3.65,3.71,1035700
2018-05-21,3.71,3.72,3.64,3.67,647470
2018-05-22,3.64,3.67,3.48,3.5,1107630
2018-05-23,3.54,3.62,3.48,3.61,1202020
2018-05-24,3.64,3.65,3.53,3.53,243550
2018-05-25,3.52,3.56,3.48,3.48,535870
2018-05-28,3.4,3.45,3.24,3.24,2290950
2018-05-29,3.24,3.42,3.24,3.42,955380
2018-05-30,3.44,3.44,3.2,3.3,532800
2018-05-31,3.38,3.39,3.3,3.35,495370
2018-06-01,3.39,3.58,3.39,3.58,980720
2018-06-04,3.83,3.83,3.83,3.83,411090
2018-06-05,4.09,4.09,3.98,4.09,4065820
2018-06-06,4.09,4.28,3.96,3.99,4167020
2018-06-07,3.99,4.1,3.9,3.9,1642410
2018-06-08,3.9,3.9,3.79,3.84,1167120
2018-06-11,3.84,4.1,3.74,3.96,1717190
2018-06-12,3.9,3.96,3.76,3.81,1264540
2018-06-13,3.85,4.0,3.83,3.85,440310
2018-06-14,3.89,3.92,3.8,3.81,689310
2018-06-15,3.8,3.85,3.76,3.78,736230
2018-06-18,3.77,3.85,3.73,3.74,989510
2018-06-19,3.74,3.79,3.49,3.53,1524080
2018-06-20,3.62,3.67,3.53,3.6,556320
2018-06-21,3.6,3.73,3.58,3.6,957540
2018-06-22,3.63,3.66,3.58,3.63,912230
2018-06-25,3.65,3.7,3.63,3.68,561360
2018-06-26,3.67,3.67,3.6,3.67,645890
2018-06-27,3.68,3.85,3.66,3.79,1666700
2018-06-28,3.79,3.79,3.62,3.65,741670
2018-06-29,3.65,3.69,3.4,3.61,706970
2018-07-02,3.61,3.61,3.4,3.46,1054730
2018-07-03,3.5,3.51,3.39,3.4,1193830
2018-07-04,3.4,3.47,3.35,3.4,613790
2018-07-05,3.4,3.42,3.32,3.32,685650
2018-07-06,3.32,3.4,3.28,3.38,1071800
2018-07-09,3.4,3.49,3.36,3.38,420940
2018-07-10,3.4,3.4,3.34,3.38,310860
2018-07-11,3.38,3.38,3.28,3.28,483890
2018-07-12,3.27,3.39,3.27,3.36,531100
2018-07-13,3.39,3.59,3.34,3.56,2417320
2018-07-16,3.6,3.75,3.57,3.6,1100950
2018-07-17,3.55,3.6,3.54,3.55,664340
2018-07-18,3.61,3.75,3.54,3.67,948410
2018-07-19,3.67,3.8,3.62,3.62,1176200
2018-07-20,3.67,3.82,3.6,3.76,1662500
2018-07-23,3.83,3.91,3.8,3.8,1828560
2018-07-24,3.8,3.84,3.7,3.7,1132910
2018-07-25,3.68,3.95,3.68,3.95,5381020
2018-07-26,4.19,4.22,3.9,3.95,5883770
2018-07-27,3.95,4.09,3.94,3.97,1779070
2018-07-30,3.7,3.8,3.7,3.7,8728400
2018-07-31,3.62,3.68,3.53,3.57,3040400
2018-08-01,3.6,3.74,3.57,3.61,1133780
2018-08-02,3.59,3.62,3.51,3.53,1794430
2018-08-03,3.56,3.63,3.52,3.55,1364500
2018-08-06,3.6,3.6,3.52,3.54,963560
2018-08-07,3.54,3.56,3.52,3.54,901420
2018-08-08,3.55,3.56,3.48,3.49,1227590
2018-08-09,3.49,3.5,3.45,3.47,1262830
2018-08-10,3.47,3.48,3.4,3.42,1424820
2018-08-13,3.42,3.6,3.42,3.57,930100
2018-08-14,3.59,3.59,3.5,3.5,630300
2018-08-15,3.5,3.55,3.44,3.45,1065840
2018-08-16,3.43,3.49,3.42,3.49,604710
2018-08-17,3.52,3.52,3.47,3.47,406950
2018-08-20,3.5,3.5,3.45,3.46,472390
2018-08-21,3.46,3.5,3.45,3.46,691350
2018-08-22,3.46,3.5,3.46,3.46,537750
2018-08-23,3.46,3.48,3.44,3.44,515010
2018-08-24,3.43,3.49,3.43,3.44,685030
2018-08-27,3.44,3.46,3.43,3.43,683950
2018-08-28,3.43,3.46,3.42,3.43,332970
2018-08-29,3.43,3.45,3.4,3.4,578260
2018-08-30,3.42,3.42,3.39,3.39,590350
2018-08-31,3.4,3.41,3.38,3.39,423290
2018-09-04,3.39,3.6,3.38,3.53,1343560
2018-09-05,3.57,3.57,3.3,3.47,601650
2018-09-06,3.49,3.49,3.4,3.41,353850
2018-09-07,3.41,3.44,3.39,3.4,520470
2018-09-10,3.4,3.45,3.39,3.39,417830
2018-09-11,3.38,3.43,3.38,3.4,531470
2018-09-12,3.4,3.42,3.39,3.4,403010
2018-09-13,3.38,3.52,3.38,3.44,812160
2018-09-14,3.44,3.47,3.4,3.43,573440
2018-09-17,3.41,3.43,3.4,3.4,770750
2018-09-18,3.39,3.42,3.38,3.4,724200
2018-09-19,3.4,3.45,3.38,3.4,1675210
2018-09-20,3.4,3.44,3.39,3.4,663550
2018-09-21,3.4,3.43,3.37,3.38,1034790
2018-09-24,3.38,3.4,3.35,3.36,570490
2018-09-25,3.39,3.44,3.36,3.4,761510
2018-09-26,3.4,3.42,3.33,3.34,1547640
2018-09-27,3.32,3.39,3.31,3.38,1328100
2018-09-28,3.38,3.39,3.32,3.32,1019630
2018-10-01,3.32,3.35,3.31,3.32,606300
2018-10-02,3.31,3.34,3.31,3.31,750530
2018-10-03,3.31,3.33,3.28,3.3,727940
2018-10-04,3.29,3.3,3.26,3.28,656480
2018-10-05,3.28,3.3,3.26,3.26,692230
2018-10-08,3.26,3.26,3.17,3.17,1490250
2018-10-09,3.17,3.18,3.13,3.13,832080
2018-10-10,3.15,3.21,3.12,3.17,636940
2018-10-11,3.01,3.1,2.95,3.0,1906750
2018-10-12,2.96,3.02,2.9,3.01,668620
2018-10-15,3.03,3.03,2.97,2.98,420930
2018-10-16,2.96,3.0,2.96,2.97,510190
2018-10-17,3.0,3.03,2.95,2.95,930450
2018-10-18,2.95,3.0,2.94,2.95,420460
2018-10-19,2.95,2.96,2.9,2.91,339870
2018-10-22,2.94,2.95,2.91,2.93,254600
2018-10-23,2.93,2.93,2.75,2.77,632160
2018-10-24,2.76,2.79,2.74,2.74,562050
2018-10-25,2.66,2.68,2.6,2.63,869510
2018-10-26,2.65,2.69,2.6,2.63,718000
2018-10-29,2.63,2.63,2.55,2.61,369890
2018-10-30,2.6,2.62,2.56,2.59,492090
2018-10-31,2.6,2.63,2.57,2.6,360070
2018-11-01,2.62,2.65,2.6,2.63,347230
2018-11-02,2.63,2.66,2.6,2.65,322150
2018-11-05,2.65,2.68,2.62,2.64,147530
2018-11-06,2.66,2.67,2.64,2.65,235040
2018-11-07,2.64,2.67,2.62,2.66,255640
2018-11-08,2.68,2.8,2.65,2.72,822320
2018-11-09,2.78,2.79,2.7,2.72,551910
2018-11-12,2.53,2.57,2.53,2.53,3811670
2018-11-13,2.37,2.49,2.36,2.44,1655560
2018-11-14,2.44,2.5,2.42,2.45,388190
2018-11-15,2.45,2.45,2.36,2.4,802840
2018-11-16,2.24,2.28,2.24,2.24,1192130
2018-11-19,2.2,2.23,2.09,2.12,1600760
2018-11-20,2.12,2.26,2.08,2.26,1033310
2018-11-21,2.28,2.34,2.21,2.23,472810
2018-11-22,2.24,2.26,2.2,2.25,321560
2018-11-23,2.25,2.32,2.22,2.22,158830
2018-11-26,2.22,2.22,2.19,2.21,469900
2018-11-27,2.21,2.21,2.1,2.1,332540
2018-11-28,2.1,2.15,2.09,2.12,305340
2018-11-29,2.11,2.12,2.07,2.07,246290
2018-11-30,2.11,2.11,2.01,2.09,375810
2018-12-03,2.09,2.14,2.09,2.12,374270
2018-12-04,2.12,2.12,2.06,2.07,589790
2018-12-05,2.07,2.08,2.04,2.07,293580
2018-12-06,2.05,2.15,2.05,2.15,260500
2018-12-07,2.15,2.26,2.15,2.2,1175250
2018-12-10,2.2,2.2,2.13,2.13,148230
2018-12-11,2.15,2.16,2.12,2.15,188910
2018-12-12,2.0,2.19,2.0,2.16,215810
2018-12-13,2.17,2.19,2.15,2.18,415220
2018-12-14,2.17,2.2,2.14,2.17,110580
2018-12-17,2.14,2.18,2.07,2.07,185530
2018-12-18,2.07,2.07,1.99,1.99,682370
2018-12-19,2.0,2.03,1.96,2.02,378590
2018-12-20,2.02,2.04,1.98,1.99,150520
2018-12-21,1.99,2.0,1.97,1.97,137870
2018-12-24,1.99,2.1,1.95,2.1,2606200
2018-12-25,2.24,2.24,2.2,2.24,5681850
2018-12-26,2.25,2.39,2.25,2.39,4840940
2018-12-27,2.55,2.55,2.38,2.5,6786940
2018-12-28,2.5,2.6,2.33,2.39,4763230
2019-01-02,2.39,2.39,2.23,2.29,2481270
2019-01-03,2.2,2.2,2.13,2.13,1811440
2019-01-04,2.0,2.09,1.99,2.09,2753800
2019-01-07,2.0,2.17,2.0,2.06,796460
2019-01-08,2.06,2.1,2.04,2.04,449490
2019-01-09,2.04,2.09,2.0,2.04,537520
2019-01-10,2.03,2.08,2.0,2.06,285350
2019-01-11,2.08,2.08,2.0,2.0,2398100
2019-01-14,2.03,2.04,1.98,2.01,1287840
2019-01-15,2.01,2.02,1.99,2.01,838510
2019-01-16,2.02,2.02,1.98,1.99,253200
2019-01-17,2.0,2.0,1.95,2.0,1045800
2019-01-18,2.0,2.03,1.95,1.99,347820
2019-01-21,1.98,2.01,1.97,2.0,902280
2019-01-22,2.0,2.0,1.95,1.96,980300
2019-01-23,1.97,1.97,1.93,1.96,625340
2019-01-24,1.96,1.96,1.9,1.9,471950
2019-01-25,1.9,1.9,1.77,1.83,2669410
2019-01-28,1.82,1.83,1.72,1.74,1057340
2019-01-29,1.71,1.74,1.62,1.65,3810100
2019-01-30,1.65,1.66,1.54,1.6,2910810
2019-01-31,1.6,1.71,1.55,1.69,874590
2019-02-01,1.7,1.79,1.67,1.79,987130
2019-02-11,1.81,1.91,1.78,1.91,3226960
2019-02-12,2.0,2.04,1.93,2.04,4335730
2019-02-13,2.17,2.18,1.95,1.95,2319950
2019-02-14,2.08,2.08,1.85,1.86,3048790
2019-02-15,1.9,1.98,1.76,1.98,2568610
2019-02-18,1.98,2.05,1.9,2.0,927820
2019-02-19,1.99,2.0,1.86,1.86,1776760
2019-02-20,1.86,1.9,1.83,1.88,642520
2019-02-21,1.88,1.88,1.83,1.88,531750
2019-02-22,1.88,1.9,1.85,1.9,703140
2019-02-25,1.9,1.91,1.85,1.86,447910
2019-02-26,1.88,1.88,1.82,1.82,828760
2019-02-27,1.85,1.9,1.84,1.84,444010
2019-02-28,1.81,1.85,1.76,1.83,904850
2019-03-01,1.83,1.85,1.82,1.84,516100
2019-03-04,1.84,1.91,1.84,1.85,804420
2019-03-05,1.85,1.92,1.85,1.87,1691200
2019-03-06,1.87,1.95,1.87,1.92,1479310
2019-03-07,1.94,2.05,1.94,1.99,1514280
2019-03-08,1.99,1.99,1.9,1.91,1110690
2019-03-11,1.9,1.93,1.81,1.86,1009400
2019-03-12,1.86,1.87,1.83,1.85,678020
2019-03-13,1.87,1.88,1.85,1.85,347090
2019-03-14,1.85,1.89,1.85,1.87,737960
2019-03-15,1.89,1.89,1.81,1.84,447870
2019-03-18,1.84,1.87,1.84,1.85,378190
2019-03-19,1.85,1.86,1.83,1.83,532240
2019-03-20,1.83,1.85,1.8,1.82,379230
2019-03-21,1.8,1.82,1.75,1.78,444680
2019-03-22,1.78,1.85,1.76,1.83,382170
2019-03-25,1.82,1.83,1.74,1.75,542890
2019-03-26,1.8,1.8,1.74,1.74,431670
2019-03-27,1.74,1.78,1.73,1.74,503210
2019-03-28,1.76,1.76,1.74,1.74,270360
2019-03-29,1.77,1.78,1.75,1.77,334970
2019-04-01,1.77,1.8,1.76,1.78,355730
2019-04-02,1.79,1.8,1.76,1.76,342510
2019-04-03,1.75,1.78,1.73,1.74,395260
2019-04-04,1.74,1.75,1.72,1.73,320710
2019-04-05,1.75,1.77,1.71,1.71,690890
2019-04-08,1.7,1.76,1.7,1.71,479840
2019-04-09,1.6,1.73,1.6,1.7,651820
2019-04-10,1.7,1.7,1.67,1.69,406040
2019-04-11,1.68,1.72,1.68,1.72,448060
2019-04-12,1.73,1.84,1.71,1.84,1023520
2019-04-16,1.8,1.95,1.8,1.88,1973030
2019-04-17,1.89,1.9,1.77,1.77,717100
2019-04-18,1.79,1.79,1.69,1.74,642060
2019-04-19,1.7,1.79,1.7,1.74,339140
2019-04-22,1.75,1.75,1.67,1.68,400590
2019-04-23,1.68,1.7,1.57,1.68,655900
2019-04-24,1.69,1.74,1.66,1.7,423380
2019-04-25,1.7,1.72,1.68,1.69,278060
2019-04-26,1.69,1.7,1.66,1.66,473820
2019-05-02,1.66,1.7,1.65,1.67,108550
2019-05-03,1.69,1.76,1.67,1.7,376610
2019-05-06,1.7,1.7,1.64,1.64,312950
2019-05-07,1.65,1.67,1.64,1.65,196600
2019-05-08,1.65,1.67,1.61,1.67,132640
2019-05-09,1.67,1.68,1.64,1.64,230800
2019-05-10,1.65,1.66,1.64,1.64,210950
2019-05-13,1.66,1.66,1.61,1.62,136590
2019-05-14,1.62,1.63,1.61,1.61,322030
2019-05-15,1.61,1.63,1.61,1.62,260520
2019-05-16,1.62,1.68,1.62,1.65,204310
2019-05-17,1.67,1.67,1.62,1.64,75900
2019-05-20,1.64,1.69,1.62,1.65,514300
2019-05-21,1.7,1.7,1.61,1.62,231220
2019-05-22,1.61,1.64,1.6,1.61,206810
2019-05-23,1.63,1.63,1.6,1.6,169050
2019-05-24,1.6,1.62,1.59,1.61,303470
2019-05-27,1.61,1.65,1.61,1.63,446580
2019-05-28,1.63,1.7,1.63,1.65,588180
2019-05-29,1.68,1.69,1.65,1.65,208650
2019-05-30,1.68,1.68,1.63,1.63,271290
2019-05-31,1.63,1.65,1.6,1.6,187170
2019-06-03,1.65,1.65,1.58,1.58,285490
2019-06-04,1.58,1.63,1.58,1.61,267310
2019-06-05,1.61,1.63,1.58,1.6,142170
2019-06-06,1.59,1.61,1.57,1.6,479570
2019-06-07,1.58,1.63,1.58,1.59,449630
2019-06-10,1.62,1.62,1.58,1.6,376310
2019-06-11,1.6,1.61,1.57,1.6,208840
2019-06-12,1.63,1.71,1.62,1.71,364920
2019-06-13,1.82,1.82,1.82,1.82,411860
2019-06-14,1.94,1.94,1.87,1.92,6980480
2019-06-17,1.9,1.95,1.83,1.85,1755600
2019-06-18,1.83,1.85,1.78,1.81,1278340
2019-06-19,1.77,1.92,1.76,1.85,1059420
2019-06-20,1.89,1.89,1.82,1.84,758410
2019-06-21,1.85,1.85,1.81,1.83,584550
2019-06-24,1.81,1.83,1.77,1.77,788230
2019-06-25,1.77,1.8,1.73,1.75,1033500
2019-06-26,1.75,1.78,1.7,1.74,1848910
2019-06-27,1.74,1.74,1.7,1.74,576230
2019-06-28,1.74,1.75,1.72,1.73,262180
2019-07-01,1.73,1.75,1.72,1.74,549110
2019-07-02,1.74,1.75,1.71,1.71,547790
2019-07-03,1.71,1.82,1.71,1.82,1753780
2019-07-04,1.85,1.93,1.85,1.87,2705280
2019-07-05,1.87,1.87,1.82,1.82,702850
2019-07-08,1.81,1.85,1.8,1.83,784100
2019-07-09,1.82,1.84,1.8,1.8,888870
2019-07-10,1.8,1.81,1.78,1.8,754410
2019-07-11,1.8,1.89,1.8,1.83,1089320
2019-07-12,1.84,1.89,1.8,1.89,1707450
2019-07-15,1.89,1.89,1.82,1.83,924510
2019-07-16,1.83,1.86,1.82,1.84,825400
2019-07-17,1.83,1.84,1.82,1.82,530300
2019-07-18,1.82,1.94,1.82,1.94,5642190
2019-07-19,1.99,2.01,1.88,1.88,1899930
2019-07-22,1.88,1.9,1.86,1.88,664980
2019-07-23,1.85,1.88,1.85,1.85,1033780
2019-07-24,1.87,1.89,1.85,1.86,754860
2019-07-25,1.86,1.93,1.86,1.87,678100
2019-07-26,1.87,1.92,1.86,1.88,786280
2019-07-29,1.88,1.89,1.84,1.86,1248710
2019-07-30,1.85,1.89,1.83,1.83,1194500
2019-07-31,1.85,1.85,1.8,1.8,1197000
2019-08-01,1.8,1.8,1.74,1.74,1740160
2019-08-02,1.74,1.78,1.71,1.74,689760
2019-08-05,1.77,1.77,1.71,1.73,865450
2019-08-06,1.73,1.73,1.67,1.72,1162740
2019-08-07,1.72,1.77,1.71,1.72,749190
2019-08-08,1.71,1.75,1.71,1.73,667060
2019-08-09,1.75,1.75,1.72,1.73,544260
2019-08-12,1.73,1.74,1.7,1.72,694380
2019-08-13,1.72,1.72,1.68,1.69,599850
2019-08-14,1.69,1.72,1.68,1.69,746530
2019-08-15,1.7,1.7,1.66,1.68,469780
2019-08-16,1.7,1.71,1.67,1.68,492710
2019-08-19,1.7,1.7,1.66,1.68,489010
2019-08-20,1.67,1.7,1.67,1.67,233770
2019-08-21,1.67,1.68,1.65,1.67,328800
2019-08-22,1.67,1.67,1.63,1.63,689370
2019-08-23,1.65,1.74,1.63,1.73,945460
2019-08-26,1.7,1.72,1.65,1.68,910260
2019-08-27,1.7,1.7,1.67,1.68,518600
2019-08-28,1.68,1.68,1.65,1.65,466750
2019-08-29,1.65,1.68,1.64,1.65,378040
2019-08-30,1.65,1.66,1.63,1.64,1907270
2019-09-03,1.64,1.66,1.63,1.64,432190
2019-09-04,1.65,1.65,1.62,1.62,467950
2019-09-05,1.64,1.65,1.62,1.65,967100
2019-09-06,1.66,1.67,1.63,1.64,500030
2019-09-09,1.64,1.67,1.63,1.63,167270
2019-09-10,1.63,1.65,1.62,1.63,350450
2019-09-11,1.64,1.64,1.6,1.61,393790
2019-09-12,1.61,1.62,1.6,1.61,632450
2019-09-13,1.62,1.63,1.62,1.62,215930
2019-09-16,1.63,1.64,1.6,1.62,942760
2019-09-17,1.62,1.64,1.61,1.62,329240
2019-09-18,1.62,1.64,1.6,1.63,650580
2019-09-19,1.63,1.63,1.59,1.61,580550
2019-09-20,1.62,1.63,1.6,1.6,240740
2019-09-23,1.6,1.63,1.6,1.62,515660
2019-09-24,1.63,1.63,1.61,1.62,296510
2019-09-25,1.61,1.62,1.61,1.62,375710
2019-09-26,1.61,1.62,1.61,1.61,325900
2019-09-27,1.62,1.62,1.6,1.62,225450
2019-09-30,1.62,1.63,1.61,1.63,431140
2019-10-01,1.63,1.64,1.61,1.63,358670
2019-10-02,1.62,1.63,1.6,1.61,787620
2019-10-03,1.59,1.61,1.58,1.59,586890
2019-10-04,1.59,1.62,1.59,1.62,316270
2019-10-07,1.6,1.62,1.59,1.6,343270
2019-10-08,1.6,1.6,1.57,1.58,454770
2019-10-09,1.58,1.6,1.57,1.58,303990
2019-10-10,1.59,1.6,1.56,1.57,316910
2019-10-11,1.56,1.62,1.56,1.58,666320
2019-10-14,1.58,1.69,1.58,1.69,1106710
2019-10-15,1.79,1.79,1.72,1.78,2976660
2019-10-16,1.78,1.78,1.69,1.71,1862270
2019-10-17,1.7,1.73,1.65,1.7,939110
2019-10-18,1.68,1.81,1.68,1.78,1611620
2019-10-21,1.76,1.9,1.76,1.9,3183010
2019-10-22,2.0,2.03,1.81,1.81,7877330
2019-10-23,1.81,1.83,1.76,1.76,1688350
2019-10-24,1.76,1.82,1.74,1.77,1426310
2019-10-25,1.76,1.79,1.72,1.76,1220860
2019-10-28,1.75,1.88,1.74,1.88,2354530
2019-10-29,1.94,2.0,1.87,1.95,2883330
2019-10-30,1.94,1.99,1.89,1.89,1830390
2019-10-31,1.85,1.88,1.76,1.81,3626720
2019-11-01,1.81,1.93,1.76,1.88,1922220
2019-11-04,1.93,2.0,1.93,1.96,2856890
2019-11-05,1.98,1.98,1.89,1.89,2028200
2019-11-06,1.87,1.92,1.85,1.89,2351270
2019-11-07,1.87,1.91,1.85,1.85,1153130
2019-11-08,1.87,1.89,1.84,1.85,670090
2019-11-11,1.89,1.89,1.85,1.89,822400
2019-11-12,1.89,2.02,1.89,2.02,7955550
2019-11-13,2.09,2.16,2.08,2.16,3054500
2019-11-14,2.31,2.31,2.31,2.31,1216980
2019-11-15,2.47,2.47,2.15,2.15,15701750
2019-11-18,2.14,2.3,2.05,2.3,3333330
2019-11-19,2.4,2.46,2.32,2.46,3862560
2019-11-20,2.4,2.53,2.31,2.38,3949510
2019-11-21,2.35,2.38,2.27,2.3,2445140
2019-11-22,2.22,2.32,2.14,2.14,3194900
2019-11-25,2.14,2.25,2.13,2.2,2025480
2019-11-26,2.26,2.26,2.14,2.17,734180
2019-11-27,2.17,2.32,2.15,2.32,3983820
2019-11-28,2.42,2.42,2.27,2.3,2396600
2019-11-29,2.3,2.45,2.3,2.39,3561230
2019-12-02,2.46,2.55,2.4,2.54,6869950
2019-12-03,2.55,2.71,2.44,2.71,5274260
2019-12-04,2.79,2.89,2.79,2.89,4058570
2019-12-05,3.08,3.09,2.69,2.69,5616390
2019-12-06,2.75,2.87,2.75,2.87,7471100
2019-12-09,3.07,3.07,2.98,3.07,3921460
2019-12-10,3.22,3.28,3.05,3.17,5153150
2019-12-11,3.15,3.39,3.11,3.39,5645910
2019-12-12,3.5,3.62,3.5,3.62,5111080
2019-12-13,3.85,3.87,3.45,3.86,11140720
2019-12-16,3.92,4.13,3.9,4.13,4310370
2019-12-17,4.37,4.41,3.85,4.3,9288150
2019-12-18,4.15,4.44,4.0,4.0,4763980
2019-12-19,3.72,4.1,3.72,3.72,12877590
2019-12-20,3.51,3.91,3.46,3.85,6064570
2019-12-23,4.05,4.1,3.75,3.87,4252680
2019-12-24,3.8,3.85,3.72,3.76,3878680
2019-12-25,3.72,3.77,3.5,3.5,8669550
2019-12-26,3.4,3.5,3.26,3.26,5903350
2019-12-27,3.4,3.45,3.2,3.25,4178780
2019-12-30,3.11,3.29,3.03,3.03,3427650
2019-12-31,2.84,3.08,2.82,2.82,7386610
2020-01-02,2.82,3.01,2.8,3.01,2310060
2020-01-03,3.15,3.22,3.05,3.07,4770320
2020-01-06,3.01,3.12,2.87,2.9,2690930
2020-01-07,2.9,3.1,2.88,3.09,3718920
2020-01-08,3.03,3.08,2.88,2.88,3536240
2020-01-09,2.96,3.04,2.86,2.88,2079120
2020-01-10,2.88,2.94,2.68,2.68,5425850
2020-01-13,2.57,2.65,2.5,2.5,3868180
2020-01-14,2.43,2.66,2.39,2.45,1817510
2020-01-15,2.5,2.59,2.3,2.37,2432850
2020-01-16,2.42,2.42,2.22,2.29,4209660
2020-01-17,2.29,2.45,2.22,2.37,2763790
2020-01-20,2.4,2.46,2.36,2.44,1275720
2020-01-21,2.4,2.61,2.37,2.61,2610100
2020-01-22,2.75,2.79,2.61,2.79,3134920
2020-01-30,2.78,2.78,2.6,2.6,2180550
2020-01-31,2.44,2.54,2.42,2.42,3568840
2020-02-03,2.26,2.54,2.26,2.42,3781150
2020-02-04,2.49,2.57,2.4,2.56,2833320
2020-02-05,2.56,2.63,2.42,2.5,2712650
2020-02-06,2.5,2.57,2.41,2.54,2137860
2020-02-07,2.49,2.67,2.45,2.56,3156090
2020-02-10,2.53,2.58,2.46,2.47,2055530
2020-02-11,2.47,2.52,2.44,2.46,2693420
2020-02-12,2.46,2.63,2.46,2.63,5425510
2020-02-13,2.63,2.78,2.63,2.71,3062890
2020-02-14,2.73,2.85,2.54,2.54,5722900
2020-02-17,2.54,2.64,2.5,2.54,2996790
2020-02-18,2.57,2.65,2.53,2.6,2979750
2020-02-19,2.62,2.78,2.6,2.78,5732830
2020-02-20,2.92,2.97,2.82,2.82,5278780
2020-02-21,2.78,2.83,2.63,2.63,5042580
2020-02-24,2.51,2.57,2.45,2.45,6035960
2020-02-25,2.31,2.62,2.31,2.62,4058550
2020-02-26,2.5,2.7,2.5,2.53,2739560
2020-02-27,2.52,2.66,2.52,2.62,2577590
2020-02-28,2.55,2.58,2.49,2.54,2951590
2020-03-02,2.71,2.71,2.65,2.67,7951200
2020-03-03,2.85,2.85,2.84,2.85,4303480
2020-03-04,3.04,3.04,3.04,3.04,1820150
2020-03-05,3.25,3.25,3.15,3.24,13556880
2020-03-06,3.08,3.43,3.08,3.34,5789800
2020-03-09,3.11,3.11,3.11,3.11,1033700
2020-03-10,2.9,3.32,2.9,3.32,15910280
2020-03-11,3.55,3.55,3.25,3.55,14583690
2020-03-12,3.35,3.79,3.35,3.78,8219340
2020-03-13,3.55,4.02,3.53,4.0,9616110
2020-03-16,4.25,4.28,4.19,4.28,6171010
2020-03-17,4.57,4.57,4.57,4.57,1617280
2020-03-18,4.88,4.88,4.88,4.88,1238630
2020-03-19,5.22,5.22,4.54,4.54,23291970
2020-03-20,4.23,4.23,4.23,4.23,1305990
2020-03-23,3.94,3.94,3.94,3.94,54380
2020-03-24,3.67,3.67,3.67,3.67,619110
2020-03-25,3.42,3.6,3.42,3.42,8504000
2020-03-26,3.19,3.19,3.19,3.19,315570
2020-03-27,2.97,2.97,2.97,2.97,361460
2020-03-30,2.77,2.77,2.77,2.77,184000
2020-03-31,2.58,2.58,2.58,2.58,3410100
2020-04-01,2.4,2.76,2.4,2.76,11794890
2020-04-03,2.85,2.95,2.8,2.95,6539200
2020-04-06,3.1,3.1,2.75,2.75,13639240
2020-04-07,2.61,2.76,2.56,2.59,8741980
2020-04-08,2.59,2.77,2.59,2.77,3029830
2020-04-09,2.82,2.95,2.73,2.74,4629650
2020-04-10,2.67,2.72,2.55,2.64,7050350
2020-04-13,2.65,2.72,2.56,2.7,2267620
2020-04-14,2.7,2.7,2.61,2.64,3208600
2020-04-15,2.63,2.82,2.63,2.8,3946790
2020-04-16,2.8,2.88,2.7,2.73,3368290
2020-04-17,2.73,2.78,2.7,2.72,3546430
2020-04-20,2.79,2.82,2.71,2.75,3109120
2020-04-21,2.72,2.9,2.67,2.75,4311930
2020-04-22,2.72,2.89,2.71,2.87,4745800
2020-04-23,2.94,2.94,2.85,2.87,2324140
2020-04-24,2.83,3.07,2.8,3.07,6242200
2020-04-27,3.28,3.28,3.05,3.05,5703540
2020-04-28,3.05,3.09,2.92,2.96,3176950
2020-04-29,2.93,3.12,2.9,2.96,4150320
2020-05-04,2.8,2.89,2.76,2.76,6432870
2020-05-05,2.72,2.88,2.58,2.85,3519720
2020-05-06,2.85,3.0,2.83,2.98,1949410
2020-05-07,2.97,2.99,2.82,2.82,2964410
2020-05-08,2.85,2.92,2.81,2.83,2780990
2020-05-11,2.8,2.88,2.8,2.85,2156670
2020-05-12,2.83,2.94,2.82,2.89,2933710
2020-05-13,2.89,3.05,2.87,2.97,4463180
2020-05-14,3.03,3.17,3.0,3.1,5099870
2020-05-15,3.1,3.17,2.95,3.02,4693420
2020-05-18,3.09,3.09,2.96,2.98,2887820
2020-05-19,3.0,3.03,2.95,2.96,1951810
2020-05-20,2.98,3.1,2.95,3.08,2264450
2020-05-21,3.19,3.19,2.99,3.01,3101150
2020-05-22,3.01,3.02,2.97,3.01,1598570
2020-05-25,3.04,3.14,3.01,3.05,3498690
2020-05-26,3.05,3.12,3.02,3.05,1901490
2020-05-27,3.05,3.08,2.99,2.99,2602720
2020-05-28,2.98,3.04,2.98,3.0,1616860
2020-05-29,3.0,3.15,2.99,3.06,2776770
2020-06-01,3.12,3.27,3.06,3.27,7479480
2020-06-02,3.39,3.39,3.08,3.08,3528990
2020-06-03,3.02,3.26,3.02,3.12,2242050
2020-06-04,3.12,3.29,3.1,3.19,3759960
2020-06-05,3.3,3.4,3.18,3.4,3909340
2020-06-08,3.53,3.63,3.43,3.6,5021830
2020-06-09,3.57,3.63,3.35,3.36,8371490
2020-06-10,3.35,3.5,3.17,3.36,4913580
2020-06-11,3.36,3.59,3.2,3.2,4283630
2020-06-12,3.1,3.3,3.1,3.26,3670320
2020-06-15,3.35,3.37,3.15,3.22,3129510
2020-06-16,3.3,3.35,3.22,3.32,2725840
2020-06-17,3.35,3.55,3.34,3.55,10307930
2020-06-18,3.65,3.79,3.56,3.6,6537560
2020-06-19,3.5,3.77,3.5,3.7,3163140
2020-06-22,3.61,3.8,3.61,3.61,5054370
2020-06-23,3.61,3.86,3.61,3.86,6537620
2020-06-24,3.86,3.97,3.59,3.7,4594010
2020-06-25,3.65,3.73,3.6,3.73,2320040
2020-06-26,3.73,3.79,3.47,3.47,7924920
2020-06-29,3.46,3.46,3.23,3.23,6454830
2020-06-30,3.23,3.29,3.01,3.01,6232850
2020-07-01,2.96,3.22,2.83,3.21,3914470
2020-07-02,3.15,3.24,3.0,3.07,1905090
2020-07-03,3.06,3.13,3.05,3.09,1461670
2020-07-06,3.23,3.23,3.11,3.15,1867530
2020-07-07,3.15,3.19,3.03,3.03,2452910
2020-07-08,3.03,3.09,2.99,3.05,1488940
2020-07-09,3.06,3.26,3.05,3.26,3951270
2020-07-10,3.19,3.26,3.08,3.09,2236060
2020-07-13,3.15,3.15,3.08,3.09,1180210
2020-07-14,3.05,3.15,3.02,3.1,2274510
2020-07-15,3.15,3.15,3.06,3.06,1470600
2020-07-16,3.06,3.1,3.04,3.04,2395920
2020-07-17,3.04,3.09,3.02,3.03,2313200
2020-07-20,3.09,3.09,2.9,2.9,3820400
2020-07-21,2.91,2.98,2.89,2.94,1954930
2020-07-22,2.96,2.97,2.87,2.87,1703340
2020-07-23,2.85,2.89,2.68,2.75,3218290
2020-07-24,2.71,2.74,2.56,2.56,6002330
2020-07-27,2.39,2.45,2.39,2.39,3810700
2020-07-28,2.25,2.55,2.25,2.55,4356630
2020-07-29,2.41,2.44,2.38,2.38,3712880
2020-07-30,2.38,2.45,2.35,2.36,1196590
2020-07-31,2.3,2.35,2.2,2.21,2793790
2020-08-03,2.23,2.36,2.23,2.36,2303080
2020-08-04,2.49,2.52,2.45,2.52,4413550
2020-08-05,2.53,2.63,2.44,2.47,2225700
2020-08-06,2.45,2.5,2.39,2.4,2492700
2020-08-07,2.4,2.56,2.38,2.48,2328710
2020-08-10,2.51,2.64,2.51,2.53,2241860
2020-08-11,2.58,2.58,2.5,2.53,1346320
2020-08-12,2.51,2.55,2.51,2.52,1344460
2020-08-13,2.56,2.63,2.53,2.56,2751040
2020-08-14,2.56,2.69,2.55,2.56,3248920
2020-08-17,2.6,2.64,2.55,2.59,2233830
2020-08-18,2.61,2.64,2.58,2.58,1194120
2020-08-19,2.58,2.61,2.57,2.58,1834140
2020-08-20,2.58,2.59,2.5,2.53,2369070
2020-08-21,2.56,2.7,2.54,2.67,4165640
2020-08-24,2.77,2.77,2.7,2.73,3600760
2020-08-25,2.76,2.76,2.69,2.7,2564220
2020-08-26,2.68,2.71,2.64,2.64,3261930
2020-08-27,2.63,2.68,2.63,2.68,1781160
2020-08-28,2.67,2.69,2.66,2.66,2148350
2020-08-31,2.66,2.71,2.64,2.66,1678820
2020-09-01,2.66,2.77,2.66,2.7,2898110
2020-09-03,2.75,2.77,2.69,2.71,2044020
2020-09-04,2.65,2.72,2.64,2.69,2564080
2020-09-07,2.7,2.74,2.65,2.65,2415860
2020-09-08,2.67,2.73,2.65,2.7,1673990
2020-09-09,2.67,2.74,2.67,2.71,1865380
2020-09-10,2.71,2.78,2.7,2.74,3099560
2020-09-11,2.76,2.87,2.74,2.82,4110050
2020-09-14,2.88,2.88,2.79,2.8,1942750
2020-09-15,2.8,2.85,2.75,2.76,2563410
2020-09-16,2.76,2.79,2.72,2.75,1988110
2020-09-17,2.75,2.77,2.72,2.73,1713690
2020-09-18,2.73,2.75,2.71,2.74,1593090
2020-09-21,2.75,2.77,2.7,2.7,1990670
2020-09-22,2.7,2.72,2.62,2.68,3950340
2020-09-23,2.67,2.71,2.65,2.68,1891150
2020-09-24,2.69,2.69,2.66,2.66,1339180
2020-09-25,2.68,2.68,2.65,2.65,1761870
2020-09-28,2.65,2.79,2.65,2.72,2931880
2020-09-29,2.75,2.8,2.69,2.69,3221340
2020-09-30,2.73,2.73,2.68,2.69,895770
2020-10-01,2.72,2.72,2.65,2.67,2273450
2020-10-02,2.69,2.72,2.63,2.68,3074450
2020-10-05,2.7,2.75,2.69,2.72,2845760
2020-10-06,2.74,2.87,2.69,2.84,5632980
2020-10-07,2.86,2.98,2.81,2.85,5198060
2020-10-08,2.85,2.87,2.76,2.78,3218980
2020-10-09,2.77,2.78,2.71,2.72,2525510
2020-10-12,2.72,2.85,2.7,2.76,2588390
2020-10-13,2.75,2.77,2.72,2.74,1088420
2020-10-14,2.74,2.78,2.72,2.72,1592890
2020-10-15,2.75,2.75,2.7,2.72,1704280
2020-10-16,2.72,2.74,2.7,2.72,932420
2020-10-19,2.7,2.74,2.69,2.69,1298480
2020-10-20,2.69,2.75,2.68,2.73,1618480
2020-10-21,2.74,2.78,2.72,2.74,1623720
2020-10-22,2.74,2.75,2.71,2.74,1383890
2020-10-23,2.91,2.93,2.9,2.93,5186330
2020-10-26,3.1,3.1,2.8,2.81,6217690
2020-10-27,2.81,2.94,2.78,2.84,2892080
2020-10-28,2.79,2.91,2.78,2.84,4416480
2020-10-29,2.83,2.9,2.8,2.88,2251640
2020-10-30,2.9,2.96,2.84,2.9,3090030
2020-11-02,2.89,2.98,2.85,2.96,4082460
2020-11-03,2.96,2.97,2.81,2.81,3089800
2020-11-04,2.82,2.93,2.8,2.87,2339510
2020-11-05,2.87,2.89,2.8,2.8,2338080
2020-11-06,2.8,2.86,2.8,2.85,1887980
2020-11-09,2.87,2.95,2.83,2.84,2672880
2020-11-10,2.89,2.89,2.77,2.77,2726360
2020-11-11,2.81,2.85,2.77,2.8,2192820
2020-11-12,2.8,2.81,2.74,2.75,2447020
2020-11-13,2.75,2.81,2.75,2.79,1974270
2020-11-16,2.79,2.82,2.74,2.74,2224620
2020-11-17,2.76,2.77,2.74,2.74,1174740
2020-11-18,2.76,2.77,2.73,2.76,1559610
2020-11-19,2.74,2.78,2.73,2.78,1678670
2020-11-20,2.76,2.79,2.75,2.76,1761580
2020-11-23,2.75,2.8,2.75,2.75,1430200
2020-11-24,2.78,2.78,2.71,2.73,2011050
2020-11-25,2.72,2.75,2.71,2.71,1172680
2020-11-26,2.73,2.73,2.7,2.7,1249850
2020-11-27,2.69,2.77,2.69,2.72,2158120
2020-11-30,2.74,2.74,2.7,2.71,946370
2020-12-01,2.68,2.71,2.65,2.68,2088210
2020-12-02,2.69,2.71,2.67,2.69,1314780
2020-12-03,2.7,2.73,2.67,2.71,1509710
2020-12-04,2.71,2.74,2.69,2.69,1414150
2020-12-07,2.71,2.72,2.69,2.71,906180
2020-12-08,2.72,2.78,2.72,2.73,2695680
2020-12-09,2.73,2.79,2.73,2.75,2247040
2020-12-10,2.77,2.82,2.71,2.72,3404370
2020-12-11,2.7,2.7,2.64,2.67,4912070
2020-12-14,2.67,2.71,2.66,2.7,2462350
2020-12-15,2.7,2.75,2.66,2.68,2326440
2020-12-16,2.69,2.74,2.69,2.71,2091720
2020-12-17,2.71,2.71,2.68,2.7,1716300
2020-12-18,2.7,2.7,2.68,2.68,1433640
2020-12-21,2.68,2.71,2.68,2.68,2646850
2020-12-22,2.68,2.86,2.68,2.84,6521050
2020-12-23,2.89,2.93,2.81,2.83,5413130
2020-12-24,2.83,2.84,2.66,2.72,2522370
2020-12-25,2.72,2.8,2.68,2.74,3384730
2020-12-28,2.8,2.8,2.73,2.74,2658740
2020-12-29,2.74,2.81,2.74,2.8,4010060
2020-12-30,2.8,2.93,2.79,2.88,6440380
2020-12-31,2.88,2.98,2.88,2.92,4541480
2021-01-04,3.0,3.0,2.92,2.92,3427800
2021-01-05,2.9,2.9,2.85,2.86,3765400
2021-01-06,2.86,2.88,2.8,2.83,3408300
2021-01-07,2.83,2.96,2.8,2.9,3962000
2021-01-08,2.91,3.05,2.9,2.99,4661300
2021-01-11,3.07,3.19,3.03,3.19,6520200
2021-01-12,3.3,3.4,3.15,3.3,5272500
2021-01-13,3.28,3.39,3.18,3.2,5686500
2021-01-14,3.19,3.3,3.13,3.28,4750100
2021-01-15,3.29,3.47,3.29,3.46,5137100
2021-01-18,3.7,3.7,3.22,3.7,4745000
2021-01-19,3.69,3.77,3.45,3.45,6057000
2021-01-20,3.38,3.45,3.21,3.26,8232100
2021-01-21,3.33,3.48,3.2,3.47,6622700
2021-01-22,3.5,3.66,3.35,3.37,5331600
2021-01-25,3.3,3.55,3.18,3.46,5744800
2021-01-26,3.38,3.44,3.22,3.33,4722700
2021-01-27,3.23,3.3,3.1,3.12,4499000
2021-01-28,2.91,2.98,2.91,2.91,3321500
2021-01-29,2.71,2.95,2.71,2.82,4708800
2021-02-01,3.01,3.01,2.82,2.83,5676500
2021-02-02,2.88,2.97,2.83,2.97,2298600
2021-02-03,3.0,3.03,2.95,2.99,3274600
2021-02-04,2.99,3.15,2.91,3.0,2186100
2021-02-05,2.99,3.1,2.95,3.0,2790500
2021-02-08,2.99,3.07,2.85,2.87,3125400
2021-02-09,2.87,2.96,2.85,2.96,2134700
2021-02-17,3.01,3.14,2.97,3.1,2590400
2021-02-18,3.08,3.13,3.01,3.06,3535600
2021-02-19,3.04,3.07,3.0,3.04,2246700
2021-02-22,3.04,3.11,3.03,3.08,2655900
2021-02-23,3.1,3.29,3.07,3.28,5182000
2021-02-24,3.3,3.35,3.13,3.16,3130600
2021-02-25,3.2,3.22,3.05,3.12,2218500
2021-02-26,3.05,3.16,3.02,3.15,2576000
2021-03-01,3.14,3.18,3.12,3.15,1651100
2021-03-02,3.2,3.2,3.06,3.15,1696700
2021-03-03,3.15,3.2,3.11,3.16,2672300
2021-03-04,3.23,3.27,3.1,3.15,2568200
2021-03-05,3.15,3.17,3.08,3.17,1723800
2021-03-08,3.2,3.24,3.17,3.22,2483700
2021-03-09,3.22,3.35,3.1,3.34,3369000
2021-03-10,3.37,3.42,3.3,3.4,3143900
2021-03-11,3.35,3.38,3.25,3.31,3156100
2021-03-12,3.32,3.34,3.26,3.3,2451500
2021-03-15,3.34,3.53,3.32,3.5,8244200
2021-03-16,3.51,3.54,3.37,3.49,3944800
2021-03-17,3.4,3.48,3.3,3.44,4624600
2021-03-18,3.42,3.44,3.37,3.44,2553800
2021-03-19,3.42,3.6,3.4,3.6,5123800
2021-03-22,3.63,3.8,3.55,3.8,7257400
2021-03-23,3.8,3.88,3.65,3.79,6953800
2021-03-24,3.66,3.8,3.55,3.55,4555900
2021-03-25,3.55,3.71,3.4,3.61,5879400
2021-03-26,3.54,3.65,3.38,3.42,4939800
2021-03-29,3.52,3.65,3.52,3.65,3847800
2021-03-30,3.9,3.9,3.82,3.9,11523100
2021-03-31,4.07,4.17,3.7,4.04,11810700
2021-04-01,3.95,4.0,3.8,3.9,4809100
2021-04-02,3.85,4.09,3.85,3.94,3808100
2021-04-05,3.96,4.09,3.95,4.08,4992800
2021-04-06,4.06,4.36,4.06,4.36,8561400
2021-04-07,4.5,4.63,4.42,4.49,4678900
2021-04-08,4.47,4.47,4.18,4.23,6239500
2021-04-09,4.3,4.52,4.23,4.52,7705600
2021-04-12,4.8,4.83,4.79,4.83,2980000
2021-04-13,5.1,5.16,4.9,5.04,14734600
2021-04-14,4.87,5.39,4.83,5.39,11066400
2021-04-15,5.75,5.76,5.72,5.76,7343700
2021-04-16,5.9,6.16,5.4,6.0,13522800
2021-04-19,5.8,6.0,5.58,5.58,20798600
2021-04-20,5.22,5.97,5.19,5.95,13819200
2021-04-22,5.9,6.15,5.7,5.7,5960800
2021-04-23,5.55,6.0,5.52,5.79,6753200
2021-04-26,5.69,5.7,5.39,5.39,5589600
2021-04-27,5.04,5.19,5.02,5.03,9347800
2021-04-28,5.03,5.3,5.0,5.23,3212200
2021-04-29,5.3,5.44,5.1,5.2,2405100
2021-05-04,4.88,5.0,4.84,4.87,6338300
2021-05-05,4.97,5.21,4.92,5.2,6462200
2021-05-06,5.31,5.52,4.84,4.94,14724000
2021-05-07,4.86,4.95,4.6,4.65,8440000
2021-05-10,4.65,4.8,4.5,4.5,3484700
2021-05-11,4.52,4.74,4.51,4.64,4551300
2021-05-12,4.75,4.84,4.64,4.82,3361800
2021-05-13,4.82,5.05,4.82,4.89,3764700
2021-05-14,4.91,5.2,4.91,5.15,6358000
2021-05-17,5.25,5.35,5.1,5.15,4590200
2021-05-18,5.18,5.3,5.01,5.01,3479900
2021-05-19,5.01,5.15,4.88,4.9,4446500
2021-05-20,4.9,4.93,4.72,4.73,4080300
2021-05-21,4.75,4.96,4.75,4.85,2682300
2021-05-24,4.96,4.96,4.78,4.78,3075200
2021-05-25,4.8,4.87,4.45,4.58,8840800
2021-05-26,4.58,4.61,4.35,4.43,4866800
2021-05-27,4.41,4.5,4.21,4.34,3024200
2021-05-28,4.28,4.62,4.27,4.62,3610000
2021-05-31,4.59,4.59,4.4,4.5,2349500
2021-06-01,4.48,4.52,4.43,4.48,1903500
2021-06-02,4.45,4.69,4.44,4.6,3286000
2021-06-03,4.71,4.8,4.67,4.8,4529700
2021-06-04,4.83,4.88,4.6,4.71,4510200
2021-06-07,4.61,4.69,4.49,4.57,3239100
2021-06-08,4.5,4.68,4.48,4.48,2826700
2021-06-09,4.46,4.6,4.42,4.5,2577900
2021-06-10,4.6,4.62,4.49,4.49,1892400
2021-06-11,4.5,4.61,4.48,4.51,2555000
2021-06-14,4.5,4.56,4.48,4.51,1927800
2021-06-15,4.51,4.52,4.44,4.47,2039400
2021-06-16,4.47,4.6,4.45,4.52,2870100
2021-06-17,4.53,4.79,4.5,4.75,4488900
2021-06-18,4.79,4.81,4.65,4.66,4220800
2021-06-21,4.65,4.66,4.51,4.55,2881500
2021-06-22,4.55,4.61,4.54,4.56,2493400
2021-06-23,4.59,4.6,4.48,4.49,2636400
2021-06-24,4.49,4.53,4.46,4.46,2155100
2021-06-25,4.46,4.47,4.4,4.4,2620100
2021-06-28,4.4,4.5,4.37,4.37,2410200
2021-06-29,4.4,4.42,4.37,4.37,2280700
2021-06-30,4.37,4.45,4.35,4.36,1693900
2021-07-01,4.36,4.37,4.06,4.28,2662300
2021-07-02,4.32,4.32,4.16,4.16,3074800
2021-07-05,4.16,4.16,3.98,3.98,3913600
2021-07-06,3.92,4.05,3.71,3.71,3461600
2021-07-07,3.7,3.78,3.5,3.6,2989900
2021-07-08,3.62,3.79,3.6,3.69,1678400
2021-07-09,3.64,3.72,3.45,3.45,2237500
2021-07-12,3.4,3.4,3.21,3.21,3234700
2021-07-13,3.19,3.43,3.15,3.43,3355000
2021-07-14,3.55,3.63,3.4,3.53,4181900
2021-07-15,3.45,3.6,3.45,3.58,1306400
2021-07-16,3.5,3.56,3.4,3.4,1806900
2021-07-19,3.26,3.28,3.17,3.17,3213900
2021-07-20,3.18,3.39,3.12,3.39,2029200
2021-07-21,3.41,3.49,3.32,3.38,1251300
2021-07-22,3.35,3.45,3.31,3.4,2189700
2021-07-23,3.35,3.41,3.27,3.27,1337800
2021-07-26,3.25,3.32,3.19,3.28,1258900
2021-07-27,3.31,3.45,3.28,3.28,1857800
2021-07-28,3.3,3.35,3.28,3.3,528500
2021-07-29,3.34,3.37,3.31,3.33,870900
2021-07-30,3.33,3.37,3.3,3.33,1537000
2021-08-02,3.33,3.56,3.33,3.56,4821700
2021-08-03,3.74,3.8,3.65,3.8,3857000
2021-08-04,4.06,4.06,4.06,4.06,2130100
2021-08-05,4.34,4.34,4.16,4.34,7884300
2021-08-06,4.6,4.6,4.24,4.32,9782900
2021-08-09,4.33,4.49,4.25,4.31,3379100
2021-08-10,4.28,4.38,4.21,4.25,4089800
2021-08-11,4.25,4.45,4.22,4.32,6199300
2021-08-12,4.32,4.62,4.32,4.62,6115700
2021-08-13,4.94,4.94,4.7,4.86,11168700
2021-08-16,4.92,4.99,4.7,4.7,5485400
2021-08-17,4.68,4.89,4.62,4.65,4005000
2021-08-18,4.65,4.69,4.5,4.5,4018900
2021-08-19,4.51,4.65,4.5,4.6,3393400
2021-08-20,4.56,4.64,4.28,4.28,7217700
2021-08-23,4.21,4.35,3.99,3.99,6320500
2021-08-24,3.99,4.15,3.97,4.1,3515700
2021-08-25,4.1,4.14,4.0,4.05,2005200
2021-08-26,4.1,4.2,4.04,4.1,1686400
2021-08-27,4.07,4.19,4.01,4.18,1954700
2021-08-30,4.25,4.3,4.19,4.27,1846900
2021-08-31,4.32,4.35,4.24,4.25,2156000
2021-09-01,4.25,4.29,4.15,4.17,3417000
2021-09-06,4.17,4.46,4.17,4.46,3679600
2021-09-07,4.64,4.64,4.25,4.35,4095500
2021-09-08,4.32,4.38,4.24,4.35,2163000
2021-09-09,4.31,4.37,4.25,4.29,2275700
2021-09-10,4.28,4.5,4.27,4.29,3352800
2021-09-13,4.31,4.47,4.29,4.31,2684300
2021-09-14,4.36,4.55,4.36,4.5,4612200
2021-09-15,4.53,4.64,4.45,4.45,4743800
2021-09-16,4.45,4.46,4.35,4.35,2857000
2021-09-17,4.32,4.45,4.31,4.36,2829500
2021-09-20,4.4,4.63,4.37,4.48,4424300
2021-09-21,4.51,4.69,4.45,4.67,8052600
2021-09-22,4.99,4.99,4.98,4.99,7021200
2021-09-23,5.33,5.33,4.74,4.8,12809500
2021-09-24,4.75,4.83,4.61,4.61,5605100
2021-09-27,4.61,4.61,4.35,4.35,4733000
2021-09-28,4.23,4.44,4.1,4.4,4544900
2021-09-29,4.35,4.41,4.25,4.25,2328600
2021-09-30,4.34,4.38,4.26,4.3,1519300
2021-10-01,4.27,4.4,4.25,4.25,2154800
2021-10-04,4.27,4.41,4.26,4.39,3223000
2021-10-05,4.4,4.44,4.31,4.31,2066700
2021-10-06,4.32,4.41,4.32,4.37,1613800
2021-10-07,4.4,4.52,4.35,4.45,2541300
2021-10-08,4.52,4.66,4.46,4.47,2584300
2021-10-11,4.5,4.67,4.46,4.52,2859500
2021-10-12,4.52,4.58,4.44,4.44,3227800
2021-10-13,4.45,4.5,4.4,4.42,2539700
2021-10-14,4.44,4.59,4.42,4.48,2401000
2021-10-15,4.5,4.55,4.45,4.5,2853200
2021-10-18,4.51,4.52,4.45,4.45,1940200
2021-10-19,4.45,4.48,4.4,4.44,2305600
2021-10-20,4.45,4.59,4.45,4.53,3187800
2021-10-21,4.56,4.84,4.56,4.84,11505000
2021-10-22,4.9,4.93,4.73,4.77,4118300
2021-10-25,4.77,4.87,4.7,4.71,2909100
2021-10-26,4.7,4.91,4.58,4.79,5178800
2021-10-27,4.88,4.89,4.8,4.82,3362100
2021-10-28,4.8,4.89,4.75,4.81,3163000
2021-10-29,4.82,4.91,4.77,4.86,5917300
2021-11-01,4.94,5.2,4.93,5.19,11156100
2021-11-02,5.3,5.3,5.1,5.22,6551100
2021-11-03,5.25,5.58,5.2,5.29,14648500
2021-11-04,5.29,5.66,5.29,5.66,8718400
2021-11-05,6.05,6.05,5.99,6.05,7957600
2021-11-08,6.47,6.47,6.47,6.47,2978100
2021-11-09,6.92,6.92,6.47,6.6,24173200
2021-11-10,6.7,7.06,6.53,7.06,9874700
2021-11-11,7.4,7.55,7.3,7.55,8114100
2021-11-12,7.7,8.0,7.45,7.56,9943400
2021-11-15,7.57,8.08,7.57,7.85,9521300
2021-11-16,7.55,7.82,7.31,7.31,17083700
2021-11-17,6.99,7.35,6.93,7.18,10248000
2021-11-18,7.29,7.6,7.25,7.41,5662600
2021-11-19,7.42,7.59,6.9,6.92,12552000
2021-11-22,6.92,6.93,6.44,6.44,9428200
2021-11-23,6.1,6.74,6.0,6.55,6629100
2021-11-24,6.66,6.69,6.45,6.55,4959400
2021-11-25,6.49,6.68,6.3,6.6,5572400
2021-11-26,6.69,6.99,6.64,6.75,7037500
2021-11-29,6.5,6.8,6.42,6.6,4170400
2021-11-30,6.69,6.95,6.67,6.8,5620100
2021-12-01,6.79,7.27,6.7,7.27,10189600
2021-12-02,7.4,7.56,7.2,7.2,5067600
2021-12-03,7.22,7.25,6.82,7.15,6517000
2021-12-06,7.15,7.39,6.67,6.75,8314800
2021-12-07,6.91,6.98,6.73,6.84,5240200
2021-12-08,6.91,7.19,6.84,7.1,3807900
2021-12-09,7.1,7.32,7.05,7.3,7294700
2021-12-10,7.4,7.49,7.2,7.21,6112700
2021-12-13,7.31,7.71,7.21,7.61,9949000
2021-12-14,7.61,7.85,7.4,7.4,8174600
2021-12-15,7.4,7.8,7.34,7.8,8906900
2021-12-16,7.99,8.34,7.96,8.34,13946100
2021-12-17,8.8,8.8,8.23,8.24,10003400
2021-12-20,8.0,8.4,7.87,8.4,9125100
2021-12-21,8.45,8.77,8.3,8.6,7530200
2021-12-22,8.7,9.0,8.57,8.85,6958600
2021-12-23,8.8,8.87,8.24,8.24,12332500
2021-12-24,8.3,8.5,7.93,8.08,8792100
2021-12-27,8.09,8.4,8.01,8.4,4999400
2021-12-28,8.49,8.69,8.4,8.42,7308200
2021-12-29,8.42,8.68,8.39,8.5,6233400
2021-12-30,8.5,8.62,8.3,8.38,5160500
2021-12-31,8.38,8.38,8.05,8.1,6843400
2022-01-04,8.16,8.4,8.14,8.3,3824700
2022-01-05,8.35,8.82,8.25,8.61,7380500
2022-01-06,8.61,9.21,8.48,9.21,10682800
2022-01-07,9.76,9.85,9.55,9.85,12440900
2022-01-10,10.5,10.5,9.9,9.9,13264000
2022-01-11,9.21,9.79,9.21,9.21,18426600
2022-01-12,8.57,8.57,8.57,8.57,596900
2022-01-13,7.98,7.98,7.98,7.98,338100
2022-01-14,7.43,7.43,7.43,7.43,278500
2022-01-17,6.91,6.91,6.91,6.91,491800
2022-01-18,6.43,6.43,6.43,6.43,316800
2022-01-19,5.98,5.98,5.98,5.98,555000
2022-01-20,5.57,5.98,5.57,5.88,20892700
2022-01-21,6.09,6.29,6.03,6.29,4539700
2022-01-24,6.64,6.64,5.85,5.85,5022400
2022-01-25,5.51,5.65,5.45,5.45,7664500
2022-01-26,5.5,5.6,5.1,5.24,3780300
2022-01-27,5.3,5.35,5.1,5.11,1971300
2022-01-28,5.09,5.38,4.97,5.35,3400900
2022-02-07,5.52,5.72,5.46,5.72,2738800
2022-02-08,5.9,6.0,5.77,5.86,4669300
2022-02-09,5.75,6.09,5.69,5.88,2625600
2022-02-10,5.89,5.97,5.86,5.9,1805300
2022-02-11,5.89,5.89,5.54,5.75,9003400
2022-02-14,5.65,5.87,5.59,5.76,2355500
2022-02-15,5.79,5.8,5.63,5.71,1224700
2022-02-16,5.8,6.07,5.72,6.05,4795000
2022-02-17,6.05,6.25,6.0,6.0,3811000
2022-02-18,5.92,6.09,5.92,6.01,3213600
2022-02-21,6.05,6.2,5.95,6.13,4453200
2022-02-22,6.02,6.4,6.01,6.19,6502100
2022-02-23,6.2,6.31,6.2,6.22,2015500
2022-02-24,6.2,6.23,5.79,5.88,6631200
2022-02-25,6.0,6.07,5.95,6.0,3790800
2022-02-28,6.0,6.11,5.97,6.04,2647500
2022-03-01,6.04,6.2,6.04,6.16,3864700
2022-03-02,6.16,6.2,6.07,6.09,2903200
2022-03-03,6.13,6.19,6.1,6.14,3475300
2022-03-04,6.15,6.5,6.12,6.33,6140000
2022-03-07,6.4,6.77,6.34,6.7,7461000
2022-03-08,6.6,6.93,6.5,6.66,6156200
2022-03-09,6.63,6.69,6.3,6.51,5027400
2022-03-10,6.6,6.69,6.5,6.5,3638000
2022-03-11,6.47,6.58,6.42,6.46,3385400
2022-03-14,6.41,6.46,6.1,6.22,3748700
2022-03-15,6.21,6.31,6.1,6.26,2179400
2022-03-16,6.28,6.5,6.28,6.37,2082600
2022-03-17,6.42,6.65,6.42,6.62,4777000
2022-03-18,6.66,6.79,6.6,6.61,6439200
2022-03-21,6.61,6.79,6.6,6.77,3848300
2022-03-22,6.77,6.93,6.77,6.8,5425300
2022-03-23,6.8,6.85,6.71,6.73,3638600
2022-03-24,6.68,6.8,6.63,6.72,4135000
2022-03-25,6.72,6.86,6.7,6.79,3609500
2022-03-28,6.32,6.32,6.32,6.32,3038000
2022-03-29,5.88,6.1,5.88,5.88,22828600
2022-03-30,5.47,5.47,5.47,5.47,1954300
2022-03-31,5.09,5.47,5.09,5.09,14768200
2022-04-01,5.0,5.44,4.81,5.44,7107200
2022-04-04,5.8,5.82,5.65,5.82,2815600
2022-04-05,5.82,6.09,5.51,5.6,6818700
2022-04-06,5.24,5.5,5.21,5.22,5415100
2022-04-07,5.35,5.39,5.14,5.25,1965400
2022-04-08,5.29,5.34,5.1,5.1,2619400
2022-04-12,4.95,5.0,4.75,4.75,3156900
2022-04-13,4.51,4.81,4.42,4.81,6622700
2022-04-14,4.98,5.05,4.84,4.89,2606600
2022-04-15,4.63,4.74,4.55,4.55,6162800
2022-04-18,4.25,4.38,4.24,4.24,1771300
2022-04-19,3.95,4.09,3.95,3.95,6406900
2022-04-20,3.68,3.7,3.68,3.68,2039600
2022-04-21,3.43,3.43,3.43,3.43,643100
2022-04-22,3.19,3.67,3.19,3.57,5466800
2022-04-25,3.7,3.8,3.51,3.58,3029600
2022-04-26,3.6,3.83,3.5,3.83,2396600
2022-04-27,3.9,4.09,3.73,4.09,3474100
2022-04-28,4.19,4.35,4.15,4.3,3133000
2022-04-29,4.35,4.6,4.15,4.57,4734900
2022-05-04,4.26,4.3,4.26,4.26,2785200
2022-05-05,3.97,4.4,3.97,4.15,2913100
2022-05-06,3.98,4.1,3.98,3.98,1724000
2022-05-09,3.71,3.9,3.71,3.71,2641300
2022-05-10,3.47,3.86,3.46,3.85,2526600
2022-05-11,4.0,4.08,3.91,4.03,1938500
2022-05-12,3.75,3.92,3.75,3.75,3293400
2022-05-13,3.65,3.73,3.49,3.49,3672300
2022-05-16,3.73,3.73,3.52,3.58,1712100
2022-05-17,3.55,3.79,3.47,3.72,1302100
2022-05-18,3.77,3.78,3.66,3.66,2174400
2022-05-19,3.5,3.61,3.49,3.58,1564900
2022-05-20,3.58,3.64,3.5,3.58,1098000
2022-05-23,3.63,3.63,3.44,3.5,1461500
2022-05-24,3.51,3.57,3.37,3.43,1281300
2022-05-25,3.5,3.5,3.36,3.4,1824600
2022-05-26,3.17,3.17,3.17,3.17,1742100
2022-05-27,2.95,3.15,2.95,3.0,8988900
2022-05-30,3.0,3.21,2.97,3.21,2660900
2022-05-31,3.33,3.39,3.22,3.22,1923400
2022-06-01,3.0,3.18,3.0,3.0,2990800
2022-06-02,2.85,3.0,2.85,2.93,1131200
2022-06-03,3.12,3.12,2.77,2.79,1352900
2022-06-06,2.79,2.79,2.6,2.6,3732100
2022-06-07,2.42,2.49,2.42,2.42,1301000
2022-06-08,2.42,2.58,2.26,2.58,977500
2022-06-09,2.7,2.7,2.58,2.6,1277700
2022-06-10,2.63,2.65,2.42,2.42,1515700
2022-06-13,2.42,2.42,2.26,2.26,2880600
2022-06-14,2.11,2.41,2.11,2.3,941800
2022-06-15,2.15,2.29,2.14,2.14,1491400
2022-06-16,2.02,2.27,2.02,2.24,941400
2022-06-17,2.24,2.24,2.09,2.09,1173400
2022-06-20,2.0,2.09,1.95,1.95,2089200
2022-06-21,1.82,2.05,1.82,1.96,886900
2022-06-22,1.84,2.09,1.84,2.09,1522300
2022-06-23,2.09,2.23,2.09,2.23,959400
2022-06-24,2.35,2.38,2.23,2.38,2653500
2022-06-27,2.5,2.54,2.4,2.54,1307100
2022-06-28,2.6,2.71,2.6,2.7,2075800
2022-06-29,2.7,2.85,2.52,2.61,2447900
2022-06-30,2.62,2.62,2.43,2.43,1746800
2022-07-01,2.3,2.48,2.26,2.46,973600
2022-07-04,2.6,2.63,2.6,2.63,446700
2022-07-05,2.8,2.81,2.65,2.74,4663700
2022-07-06,2.74,2.8,2.57,2.65,1019600
2022-07-07,2.66,2.7,2.58,2.6,623700
2022-07-08,2.61,2.78,2.6,2.6,770500
2022-07-11,2.42,2.6,2.42,2.45,2183100
2022-07-12,2.46,2.62,2.45,2.62,1242300
2022-07-13,2.63,2.75,2.61,2.64,713900
2022-07-14,2.6,2.6,2.46,2.6,791100
2022-07-15,2.6,2.67,2.5,2.58,649500
2022-07-18,2.57,2.65,2.56,2.57,648700
2022-07-19,2.56,2.63,2.49,2.61,1192500
2022-07-20,2.6,2.71,2.6,2.64,706700
2022-07-21,2.62,2.62,2.55,2.58,944700
2022-07-22,2.57,2.64,2.57,2.57,496100
2022-07-25,2.59,2.59,2.48,2.48,537400
2022-07-26,2.48,2.58,2.42,2.42,591600
2022-07-27,2.41,2.42,2.3,2.31,888900
2022-07-28,2.3,2.45,2.3,2.38,905100
2022-07-29,2.37,2.48,2.37,2.38,515100
2022-08-01,2.37,2.45,2.35,2.44,689400
2022-08-02,2.43,2.61,2.43,2.61,2387900
2022-08-03,2.74,2.79,2.51,2.68,3667100
2022-08-04,2.67,2.7,2.61,2.62,1357300
2022-08-05,2.6,2.65,2.6,2.61,1623900
2022-08-08,2.6,2.6,2.49,2.53,3360200
2022-08-09,2.51,2.63,2.36,2.6,1909500
2022-08-10,2.59,2.77,2.55,2.68,1272100
2022-08-11,2.67,2.68,2.56,2.6,2085600
2022-08-12,2.6,2.65,2.59,2.61,821500
2022-08-15,2.6,2.68,2.6,2.61,1054600
2022-08-16,2.6,2.65,2.58,2.62,852500
2022-08-17,2.62,2.62,2.44,2.44,1599900
2022-08-18,2.27,2.27,2.27,2.27,888900
2022-08-19,2.12,2.42,2.12,2.19,5259100
2022-08-22,2.1,2.18,2.05,2.1,1768200
2022-08-23,2.09,2.24,2.05,2.2,1218800
2022-08-24,2.19,2.25,2.15,2.18,1401400
2022-08-25,2.12,2.2,2.03,2.03,6074000
2022-08-26,1.95,1.98,1.89,1.89,6435400
2022-08-29,1.88,1.88,1.76,1.76,1428500
2022-08-30,1.64,1.85,1.64,1.8,2819000
2022-08-31,1.79,1.84,1.7,1.82,1176700
2022-09-05,1.82,1.82,1.7,1.7,1577000
2022-09-06,1.59,1.6,1.59,1.59,490200
2022-09-07,1.48,1.51,1.48,1.48,10202900
2022-09-08,1.45,1.58,1.38,1.58,3865400
2022-09-09,1.58,1.58,1.58,1.58,0
2022-09-12,1.58,1.58,1.58,1.58,0
2022-09-13,1.58,1.58,1.58,1.58,0
2022-09-14,1.58,1.58,1.58,1.58,0
2022-09-15,1.58,1.58,1.58,1.58,0
2022-09-16,1.58,1.58,1.58,1.58,0
2022-09-19,1.58,1.58,1.58,1.58,0
2022-09-20,1.58,1.58,1.58,1.58,0
2022-09-21,1.58,1.58,1.58,1.58,0
2022-09-22,1.58,1.58,1.58,1.58,0
2022-09-23,1.58,1.58,1.58,1.58,0
2022-09-26,1.58,1.58,1.58,1.58,0
2022-09-27,1.58,1.58,1.58,1.58,0
2022-09-28,1.58,1.58,1.58,1.58,0
2022-09-29,1.58,1.58,1.58,1.58,0
2022-09-30,1.58,1.58,1.58,1.58,0
2022-10-03,1.58,1.58,1.58,1.58,0
2022-10-04,1.58,1.58,1.58,1.58,0
2022-10-05,1.58,1.58,1.58,1.58,0
2022-10-06,1.58,1.58,1.58,1.58,0
2022-10-07,1.58,1.58,1.58,1.58,0
2022-10-10,1.58,1.58,1.58,1.58,0
2022-10-11,1.58,1.58,1.58,1.58,0
2022-10-12,1.58,1.58,1.58,1.58,0
2022-10-13,1.58,1.58,1.58,1.58,0
2022-10-14,1.58,1.58,1.58,1.58,0
2022-10-17,1.58,1.58,1.58,1.58,0
2022-10-18,1.58,1.58,1.58,1.58,0
2022-10-19,1.58,1.58,1.58,1.58,0
2022-10-20,1.58,1.58,1.58,1.58,0
2022-10-21,1.58,1.58,1.58,1.58,0
2022-10-24,1.58,1.58,1.58,1.58,0
2022-10-25,1.58,1.58,1.58,1.58,0
2022-10-26,1.58,1.58,1.58,1.58,0
2022-10-27,1.58,1.58,1.58,1.58,0
2022-10-28,1.58,1.58,1.58,1.58,0
2022-10-31,1.58,1.58,1.58,1.58,0
2022-11-01,1.58,1.58,1.58,1.58,0
2022-11-02,1.58,1.58,1.58,1.58,0
2022-11-03,1.58,1.58,1.58,1.58,0
2022-11-04,1.58,1.58,1.58,1.58,0
2022-11-07,1.58,1.58,1.58,1.58,0
2022-11-08,1.58,1.58,1.58,1.58,0
2022-11-09,1.58,1.58,1.58,1.58,0
2022-11-10,1.58,1.58,1.58,1.58,0
2022-11-11,1.58,1.58,1.58,1.58,0
2022-11-14,1.58,1.58,1.58,1.58,0
2022-11-15,1.58,1.58,1.58,1.58,0
2022-11-16,1.58,1.58,1.58,1.58,0
2022-11-17,1.58,1.58,1.58,1.58,0
2022-11-18,1.58,1.58,1.58,1.58,0
2022-11-21,1.58,1.58,1.58,1.58,0
2022-11-22,1.58,1.58,1.58,1.58,0
2022-11-23,1.58,1.58,1.58,1.58,0
2022-11-24,1.58,1.58,1.58,1.58,0
2022-11-25,1.58,1.58,1.58,1.58,0
2022-11-28,1.58,1.58,1.58,1.58,0
2022-11-29,1.58,1.58,1.58,1.58,0
2022-11-30,1.58,1.58,1.58,1.58,0
2022-12-01,1.58,1.58,1.58,1.58,0
2022-12-02,1.58,1.58,1.58,1.58,0
2022-12-05,1.58,1.58,1.58,1.58,0
2022-12-06,1.58,1.58,1.58,1.58,0
2022-12-07,1.58,1.58,1.58,1.58,0
2022-12-08,1.58,1.58,1.58,1.58,0
2022-12-09,1.58,1.58,1.58,1.58,0
2022-12-12,1.58,1.58,1.58,1.58,0
2022-12-13,1.58,1.58,1.58,1.58,0
2022-12-14,1.58,1.58,1.58,1.58,0
2022-12-15,1.58,1.58,1.58,1.58,0
2022-12-16,1.58,1.58,1.58,1.58,0
2022-12-19,1.58,1.58,1.58,1.58,0
2022-12-20,1.58,1.58,1.58,1.58,0
2022-12-21,1.58,1.58,1.58,1.58,0
2022-12-22,1.58,1.58,1.58,1.58,0
2022-12-23,1.58,1.58,1.58,1.58,0
2022-12-26,1.58,1.58,1.58,1.58,0
2022-12-27,1.58,1.58,1.58,1.58,0
2022-12-28,1.58,1.58,1.58,1.58,0
2022-12-29,1.58,1.58,1.58,1.58,0
2022-12-30,1.58,1.58,1.58,1.58,0
2023-01-03,1.58,1.58,1.58,1.58,0
2023-01-04,1.58,1.58,1.58,1.58,0
2023-01-05,1.58,1.58,1.58,1.58,0
2023-01-06,1.58,1.58,1.58,1.58,0
2023-01-09,1.58,1.58,1.58,1.58,0
2023-01-10,1.58,1.58,1.58,1.58,0
2023-01-11,1.58,1.58,1.58,1.58,0
2023-01-12,1.58,1.58,1.58,1.58,0
2023-01-13,1.58,1.58,1.58,1.58,0
2023-01-16,1.58,1.58,1.58,1.58,0
2023-01-17,1.58,1.58,1.58,1.58,0
2023-01-18,1.58,1.58,1.58,1.58,0
2023-01-19,1.58,1.58,1.58,1.58,0
2023-01-27,1.58,1.58,1.58,1.58,0
2023-01-30,1.58,1.58,1.58,1.58,0
2023-01-31,1.58,1.58,1.58,1.58,0
2023-02-01,1.58,1.58,1.58,1.58,0
2023-02-02,1.58,1.58,1.58,1.58,0
2023-02-03,1.58,1.58,1.58,1.58,0
2023-02-06,1.58,1.58,1.58,1.58,0
2023-02-07,1.58,1.58,1.58,1.58,0
2023-02-08,1.58,1.58,1.58,1.58,0
2023-02-09,1.58,1.58,1.58,1.58,0
2023-02-10,1.58,1.58,1.58,1.58,0
2023-02-13,1.58,1.58,1.58,1.58,0
2023-02-14,1.58,1.58,1.58,1.58,0
2023-02-15,1.58,1.58,1.58,1.58,0
2023-02-16,1.58,1.58,1.58,1.58,0
2023-02-17,1.58,1.58,1.58,1.58,0
2023-02-20,1.58,1.58,1.58,1.58,0
2023-02-21,1.58,1.58,1.58,1.58,0
2023-02-22,1.58,1.58,1.58,1.58,0
2023-02-23,1.58,1.58,1.58,1.58,0
2023-02-24,1.58,1.58,1.58,1.58,0
2023-02-27,1.58,1.58,1.58,1.58,0
2023-02-28,1.58,1.58,1.58,1.58,0
2023-03-01,1.58,1.58,1.58,1.58,0
2023-03-02,1.58,1.58,1.58,1.58,0
2023-03-03,1.58,1.58,1.58,1.58,0
2023-03-06,1.58,1.58,1.58,1.58,0
2023-03-07,1.58,1.58,1.58,1.58,0
2023-03-08,1.58,1.58,1.58,1.58,0
2023-03-09,1.58,1.58,1.58,1.58,0
2023-03-10,1.58,1.58,1.58,1.58,0
2023-03-13,1.58,1.58,1.58,1.58,0
2023-03-14,1.58,1.58,1.58,1.58,0
2023-03-15,1.58,1.58,1.58,1.58,0
2023-03-16,1.58,1.58,1.58,1.58,0
2023-03-17,1.58,1.58,1.58,1.58,0
2023-03-20,1.58,1.58,1.58,1.58,0
2023-03-21,1.58,1.58,1.58,1.58,0
2023-03-22,1.58,1.58,1.58,1.58,0
2023-03-23,1.58,1.58,1.58,1.58,0
2023-03-24,1.58,1.58,1.58,1.58,0
2023-03-27,1.58,1.58,1.58,1.58,0
2023-03-28,1.58,1.58,1.58,1.58,0
2023-03-29,1.58,1.58,1.58,1.58,0
2023-03-30,1.58,1.58,1.58,1.58,0
2023-03-31,1.58,1.58,1.58,1.58,0
2023-04-03,1.58,1.58,1.58,1.58,0
2023-04-04,1.58,1.58,1.58,1.58,0
2023-04-05,1.58,1.58,1.58,1.58,0
2023-04-06,1.58,1.58,1.58,1.58,0
2023-04-07,1.58,1.58,1.58,1.58,0
2023-04-10,1.58,1.58,1.58,1.58,0
2023-04-11,1.58,1.58,1.58,1.58,0
2023-04-12,1.58,1.58,1.58,1.58,0
2023-04-13,1.58,1.58,1.58,1.58,0
2023-04-14,1.58,1.58,1.58,1.58,0
2023-04-17,1.58,1.58,1.58,1.58,0
2023-04-27,1.5,1.5,1.5,1.5,0
2023-04-28,1.5,1.5,1.5,1.5,0
2023-05-04,1.5,1.5,1.5,1.5,0
2023-05-05,1.5,1.5,1.5,1.5,0
2023-05-08,1.5,1.5,1.5,1.5,0
2023-05-09,1.5,1.5,1.5,1.5,0
2023-05-10,1.5,1.5,1.5,1.5,0
2023-05-11,1.5,1.5,1.5,1.5,0
2023-05-12,1.5,1.5,1.5,1.5,0
2023-05-15,1.5,1.5,1.5,1.5,0
2023-05-16,1.5,1.5,1.5,1.5,0
2023-05-17,1.5,1.5,1.5,1.5,0
2023-05-18,1.5,1.5,1.5,1.5,0
2023-05-19,1.5,1.5,1.5,1.5,0
2023-05-22,1.5,1.5,1.5,1.5,0
2023-05-23,1.5,1.5,1.5,1.5,0
2023-05-24,1.5,1.5,1.5,1.5,0
2023-05-25,1.5,1.5,1.5,1.5,0
2023-05-26,1.5,1.5,1.5,1.5,0
2023-05-29,1.5,1.5,1.5,1.5,0
2023-05-30,1.5,1.5,1.5,1.5,0
2023-05-31,1.5,1.5,1.5,1.5,0
2023-06-01,1.5,1.5,1.5,1.5,0
2023-06-02,1.5,1.5,1.5,1.5,0
2023-06-05,1.5,1.5,1.5,1.5,0
2023-06-06,1.5,1.5,1.5,1.5,0
2023-06-07,1.5,1.5,1.5,1.5,0
2023-06-08,1.5,1.5,1.5,1.5,0
2023-06-09,1.5,1.5,1.5,1.5,0
2023-06-12,1.5,1.5,1.5,1.5,0
2023-06-13,1.5,1.5,1.5,1.5,0
2023-06-14,1.5,1.5,1.5,1.5,0
2023-06-15,1.5,1.5,1.5,1.5,0
2023-06-16,1.5,1.5,1.5,1.5,0
2023-06-19,1.5,1.5,1.5,1.5,0
2023-06-20,1.5,1.5,1.5,1.5,0
2023-06-21,1.5,1.5,1.5,1.5,0
2023-06-22,1.5,1.5,1.5,1.5,0
2023-06-23,1.5,1.5,1.5,1.5,0
2023-06-26,1.5,1.5,1.5,1.5,0
2023-06-27,1.5,1.5,1.5,1.5,0
2023-06-28,1.5,1.5,1.5,1.5,0
2023-06-29,1.5,1.5,1.5,1.5,0
2023-06-30,1.5,1.5,1.5,1.5,0
2023-07-03,1.5,1.5,1.5,1.5,0
2023-07-04,1.5,1.5,1.5,1.5,0
2023-07-05,1.5,1.5,1.5,1.5,0
2023-07-06,1.5,1.5,1.5,1.5,0
2023-07-07,1.5,1.5,1.5,1.5,0
2023-07-10,1.5,1.5,1.5,1.5,0
2023-07-11,1.5,1.5,1.5,1.5,0
2023-07-12,1.5,1.5,1.5,1.5,0
2023-07-13,1.5,1.5,1.5,1.5,0
2023-07-14,1.5,1.5,1.5,1.5,0
2023-07-17,1.5,1.5,1.5,1.5,0
2023-07-18,1.5,1.5,1.5,1.5,0
2023-07-19,1.5,1.5,1.5,1.5,0
2023-07-20,1.5,1.5,1.5,1.5,0
2023-07-21,1.5,1.5,1.5,1.5,0
2023-07-24,1.5,1.5,1.5,1.5,0
2023-07-25,1.5,1.5,1.5,1.5,0
2023-07-26,1.5,1.5,1.5,1.5,0
2023-07-27,1.5,1.5,1.5,1.5,0
2023-07-28,1.5,1.5,1.5,1.5,0
2023-07-31,1.5,1.5,1.5,1.5,0
2023-08-01,1.5,1.5,1.5,1.5,0
2023-08-02,1.5,1.5,1.5,1.5,0
2023-08-03,1.5,1.5,1.5,1.5,0
2023-08-04,1.5,1.5,1.5,1.5,0
2023-08-07,1.5,1.5,1.5,1.5,0
2023-08-08,1.5,1.5,1.5,1.5,0
2023-08-09,1.5,1.5,1.5,1.5,0
2023-08-10,1.5,1.5,1.5,1.5,0
2023-08-11,1.5,1.5,1.5,1.5,0
2023-08-14,1.5,1.5,1.5,1.5,0
2023-08-15,1.5,1.5,1.5,1.5,0
2023-08-16,1.5,1.5,1.5,1.5,0
2023-08-17,1.5,1.5,1.5,1.5,0
2023-08-18,1.5,1.5,1.5,1.5,0
2023-08-21,1.5,1.5,1.5,1.5,0
2023-08-22,1.5,1.5,1.5,1.5,0
2023-08-23,1.5,1.5,1.5,1.5,0
2023-08-24,1.5,1.5,1.5,1.5,0
2023-08-25,1.5,1.5,1.5,1.5,0
2023-08-28,1.5,1.5,1.5,1.5,0
2023-08-29,1.5,1.5,1.5,1.5,0
2023-08-30,1.5,1.5,1.5,1.5,0
2023-08-31,1.5,1.5,1.5,1.5,0
2023-09-05,1.5,1.5,1.5,1.5,0
2023-09-06,1.5,1.5,1.5,1.5,0
2023-09-07,1.5,1.5,1.5,1.5,0
2023-09-08,1.5,1.5,1.5,1.5,0
2023-09-11,1.5,1.5,1.5,1.5,0
2023-09-12,1.5,1.5,1.5,1.5,0
2023-09-13,1.5,1.5,1.5,1.5,0
2023-09-14,1.5,1.5,1.5,1.5,0
2023-09-15,1.5,1.5,1.5,1.5,0
2023-09-18,1.5,1.5,1.5,1.5,0
2023-09-19,1.5,1.5,1.5,1.5,0
2023-09-20,1.5,1.5,1.5,1.5,0
2023-09-21,1.5,1.5,1.5,1.5,0
2023-09-22,1.5,1.5,1.5,1.5,0
2023-09-25,1.5,1.5,1.5,1.5,0
2023-09-26,1.5,1.5,1.5,1.5,0
2023-09-27,1.5,1.5,1.5,1.5,0
2023-09-28,1.5,1.5,1.5,1.5,0
2023-09-29,1.5,1.5,1.5,1.5,0
2023-10-02,1.5,1.5,1.5,1.5,0
2023-10-03,1.5,1.5,1.5,1.5,0
2023-10-04,1.5,1.5,1.5,1.5,0
2023-10-05,1.5,1.5,1.5,1.5,0
2023-10-06,1.5,1.5,1.5,1.5,0
2023-10-09,1.5,1.5,1.5,1.5,0
2023-10-10,1.5,1.5,1.5,1.5,0
2023-10-11,1.5,1.5,1.5,1.5,0
2023-10-12,1.5,1.5,1.5,1.5,0
2023-10-13,1.5,1.5,1.5,1.5,0
2023-10-16,1.5,1.5,1.5,1.5,0
2023-10-17,1.5,1.5,1.5,1.5,0
2023-10-18,1.5,1.5,1.5,1.5,0
2023-10-19,1.5,1.5,1.5,1.5,0
2023-10-20,1.5,1.5,1.5,1.5,0
2023-10-23,1.5,1.5,1.5,1.5,0
2023-10-24,1.5,1.5,1.5,1.5,0
2023-10-25,1.5,1.5,1.5,1.5,0
2023-10-26,1.5,1.5,1.5,1.5,0
2023-10-27,1.5,1.5,1.5,1.5,0
2023-10-30,1.5,1.5,1.5,1.5,0
2023-10-31,1.5,1.5,1.5,1.5,0
2023-11-01,1.5,1.5,1.5,1.5,0
2023-11-02,1.5,1.5,1.5,1.5,0
2023-11-03,1.5,1.5,1.5,1.5,0
2023-11-06,1.5,1.5,1.5,1.5,0
2023-11-07,1.5,1.5,1.5,1.5,0
2023-11-08,1.5,1.5,1.5,1.5,0
2023-11-09,1.5,1.5,1.5,1.5,0
2023-11-10,1.5,1.5,1.5,1.5,0
2023-11-13,1.5,1.5,1.5,1.5,0
2023-11-14,1.5,1.5,1.5,1.5,0
2023-11-15,1.5,1.5,1.5,1.5,0
2023-11-16,1.5,1.5,1.5,1.5,0
2023-11-17,1.5,1.5,1.5,1.5,0
2023-11-20,1.5,1.5,1.5,1.5,0
2023-11-21,1.5,1.5,1.5,1.5,0
2023-11-22,1.5,1.5,1.5,1.5,0
2023-11-23,1.5,1.5,1.5,1.5,0
2023-11-24,1.5,1.5,1.5,1.5,0
2023-11-27,1.5,1.5,1.5,1.5,0
2023-11-28,1.5,1.5,1.5,1.5,0
2023-11-29,1.5,1.5,1.5,1.5,0
2023-11-30,1.5,1.5,1.5,1.5,0
2023-12-01,1.5,1.5,1.5,1.5,0
2023-12-04,1.5,1.5,1.5,1.5,0
2023-12-05,1.5,1.5,1.5,1.5,0
2023-12-06,1.5,1.5,1.5,1.5,0
2023-12-07,1.5,1.5,1.5,1.5,0
2023-12-08,1.5,1.5,1.5,1.5,0
2023-12-11,1.5,1.5,1.5,1.5,0
2023-12-12,1.5,1.5,1.5,1.5,0
2023-12-13,1.5,1.5,1.5,1.5,0
2023-12-14,1.5,1.5,1.5,1.5,0
2023-12-15,1.5,1.5,1.5,1.5,0
2023-12-18,1.5,1.5,1.5,1.5,0
2023-12-19,1.5,1.5,1.5,1.5,0
2023-12-20,1.5,1.5,1.5,1.5,0
2023-12-21,1.5,1.5,1.5,1.5,0
2023-12-22,1.5,1.5,1.5,1.5,0
2023-12-25,1.5,1.5,1.5,1.5,0
2023-12-26,1.5,1.5,1.5,1.5,0
2023-12-27,1.5,1.5,1.5,1.5,0
2023-12-28,1.5,1.5,1.5,1.5,0
2023-12-29,1.5,1.5,1.5,1.5,0
2024-01-02,1.5,1.5,1.5,1.5,0
2024-01-03,1.5,1.5,1.5,1.5,0
2024-01-04,1.5,1.5,1.5,1.5,0
2024-01-05,1.5,1.5,1.5,1.5,0
2024-01-08,1.5,1.5,1.5,1.5,0
2024-01-09,1.5,1.5,1.5,1.5,0
2024-01-10,1.5,1.5,1.5,1.5,0
2024-01-11,1.5,1.5,1.5,1.5,0
2024-01-12,1.5,1.5,1.5,1.5,0
2024-01-15,1.5,1.5,1.5,1.5,0
2024-01-16,1.5,1.5,1.5,1.5,0
2024-01-17,1.5,1.5,1.5,1.5,0
2024-01-18,1.5,1.5,1.5,1.5,0
2024-01-19,1.5,1.5,1.5,1.5,0
2024-01-22,1.5,1.5,1.5,1.5,0
2024-01-23,1.5,1.5,1.5,1.5,0
2024-01-24,1.5,1.5,1.5,1.5,0
2024-01-25,1.5,1.5,1.5,1.5,0
2024-01-26,1.5,1.5,1.5,1.5,0
2024-01-29,1.5,1.5,1.5,1.5,0
2024-01-30,1.5,1.5,1.5,1.5,0
2024-01-31,1.5,1.5,1.5,1.5,0
2024-02-01,1.5,1.5,1.5,1.5,0
2024-02-02,1.5,1.5,1.5,1.5,0
2024-02-05,1.5,1.5,1.5,1.5,0
2024-02-06,1.5,1.5,1.5,1.5,0
2024-02-07,1.5,1.5,1.5,1.5,0
2024-02-15,1.5,1.5,1.5,1.5,0
2024-02-16,1.5,1.5,1.5,1.5,0
2024-02-19,1.5,1.5,1.5,1.5,0
2024-02-20,1.5,1.5,1.5,1.5,0
2024-02-21,1.5,1.5,1.5,1.5,0
2024-02-22,1.5,1.5,1.5,1.5,0
2024-02-23,1.5,1.5,1.5,1.5,0
2024-02-26,1.5,1.5,1.5,1.5,0
2024-02-27,1.5,1.5,1.5,1.5,0
2024-02-28,1.5,1.5,1.5,1.5,0
2024-02-29,1.5,1.5,1.5,1.5,0
2024-03-01,1.5,1.5,1.5,1.5,0
2024-03-04,1.5,1.5,1.5,1.5,0
2024-03-05,1.5,1.5,1.5,1.5,0
2024-03-06,1.5,1.5,1.5,1.5,0
2024-03-07,1.5,1.5,1.5,1.5,0
2024-03-08,1.5,1.5,1.5,1.5,0
2024-03-11,1.5,1.5,1.5,1.5,0
2024-03-12,1.5,1.5,1.5,1.5,0
2024-03-13,1.5,1.5,1.5,1.5,0
2024-03-14,1.5,1.5,1.5,1.5,0
2024-03-15,1.5,1.5,1.5,1.5,0
2024-03-18,1.5,1.5,1.5,1.5,0
2024-03-19,1.5,1.5,1.5,1.5,0
2024-03-20,1.5,1.5,1.5,1.5,0
2024-03-21,1.5,1.5,1.5,1.5,0
2024-03-22,1.5,1.5,1.5,1.5,0
2024-03-25,1.5,1.5,1.5,1.5,0
2024-03-26,1.5,1.5,1.5,1.5,0
2024-03-27,1.5,1.5,1.5,1.5,0
2024-03-28,1.5,1.5,1.5,1.5,0
2024-03-29,1.5,1.5,1.5,1.5,0
2024-04-01,1.5,1.5,1.5,1.5,0
2024-04-02,1.5,1.5,1.5,1.5,0
2024-04-03,1.5,1.5,1.5,1.5,0
2024-04-04,1.5,1.5,1.5,1.5,0
2024-04-05,1.5,1.5,1.5,1.5,0
2024-04-08,1.5,1.5,1.5,1.5,0
2024-04-09,1.5,1.5,1.5,1.5,0
2024-04-10,1.5,1.5,1.5,1.5,0
2024-04-11,1.5,1.5,1.5,1.5,0
2024-04-12,1.5,1.5,1.5,1.5,0
2024-04-15,1.5,1.5,1.5,1.5,0
2024-04-16,1.5,1.5,1.5,1.5,0
2024-04-17,1.5,1.5,1.5,1.5,0
2024-04-19,1.5,1.5,1.5,1.5,0
2024-04-22,1.5,1.5,1.5,1.5,0
2024-04-23,1.5,1.5,1.5,1.5,0
2024-04-24,1.5,1.5,1.5,1.5,0
2024-04-25,1.5,1.5,1.5,1.5,0
2024-04-26,1.5,1.5,1.5,1.5,0
2024-05-02,1.5,1.5,1.5,1.5,0
2024-05-03,1.5,1.5,1.5,1.5,0
2024-05-06,1.5,1.5,1.5,1.5,0
2024-05-07,1.5,1.5,1.5,1.5,0
2024-05-08,1.5,1.5,1.5,1.5,0
2024-05-09,1.5,1.5,1.5,1.5,0
2024-05-10,1.5,1.5,1.5,1.5,0
2024-05-13,1.5,1.5,1.5,1.5,0
2024-05-14,1.5,1.5,1.5,1.5,0
2024-05-15,1.5,1.5,1.5,1.5,0
2024-05-16,1.5,1.5,1.5,1.5,0
2024-05-17,1.5,1.5,1.5,1.5,0
2024-05-20,1.5,1.5,1.5,1.5,0
2024-05-21,1.5,1.5,1.5,1.5,0
2024-05-22,1.5,1.5,1.5,1.5,0
2024-05-23,1.5,1.5,1.5,1.5,0
2024-05-24,1.5,1.5,1.5,1.5,0
2024-05-27,1.5,1.5,1.5,1.5,0
2024-05-28,1.5,1.5,1.5,1.5,0
2024-05-29,1.5,1.5,1.5,1.5,0
2024-05-30,1.5,1.5,1.5,1.5,0
2024-05-31,1.5,1.5,1.5,1.5,0
2024-06-03,1.5,1.5,1.5,1.5,0
2024-06-04,1.5,1.5,1.5,1.5,0
2024-06-05,1.5,1.5,1.5,1.5,0
2024-06-06,1.5,1.5,1.5,1.5,0
2024-06-07,1.5,1.5,1.5,1.5,0
2024-06-10,1.5,1.5,1.5,1.5,0
2024-06-11,1.5,1.5,1.5,1.5,0
2024-06-12,1.5,1.5,1.5,1.5,0
2024-06-13,1.5,1.5,1.5,1.5,0
2024-06-14,1.5,1.5,1.5,1.5,0
2024-06-17,1.5,1.5,1.5,1.5,0
2024-06-18,1.5,1.5,1.5,1.5,0
2024-06-19,1.5,1.5,1.5,1.5,0
2024-06-20,1.5,1.5,1.5,1.5,0
2024-06-21,1.5,1.5,1.5,1.5,0
2024-06-24,1.5,1.5,1.5,1.5,0
2024-06-25,1.5,1.5,1.5,1.5,0
2024-06-26,1.5,1.5,1.5,1.5,0
2024-06-27,1.5,1.5,1.5,1.5,0
2024-06-28,1.5,1.5,1.5,1.5,0
2024-07-01,1.5,1.5,1.5,1.5,0
2024-07-02,1.5,1.5,1.5,1.5,0
2024-07-03,1.5,1.5,1.5,1.5,0
2024-07-04,1.5,1.5,1.5,1.5,0
2024-07-05,1.5,1.5,1.5,1.5,0
2024-07-08,1.5,1.5,1.5,1.5,0
2024-07-09,1.5,1.5,1.5,1.5,0
2024-07-10,1.5,1.5,1.5,1.5,0
2024-07-11,1.5,1.5,1.5,1.5,0
2024-07-12,1.5,1.5,1.5,1.5,0
2024-07-15,1.5,1.5,1.5,1.5,0
2024-07-16,1.5,1.5,1.5,1.5,0
2024-07-17,1.5,1.5,1.5,1.5,0
2024-07-18,1.5,1.5,1.5,1.5,0
2024-07-19,1.5,1.5,1.5,1.5,0
2024-07-22,1.5,1.5,1.5,1.5,0
2024-07-23,1.5,1.5,1.5,1.5,0
2024-07-24,1.5,1.5,1.5,1.5,0
2024-07-25,1.5,1.5,1.5,1.5,0
